case_id,primary_label,top_weight,eFST,eMST
-1000600354148496558,eczema_dermatitis,0.59,2,1
-1002039107727665188,excluded,1.0,1,3
-1003358831658393077,excluded,1.0,4,4
-1003826561155964328,excluded,,,4
-1003844406100696311,excluded,0.66,1,1
-1005079160214352144,excluded,0.82,3,2
-1010778459521153386,normal_other,0.72,4,3
-1013831220015814987,excluded,1.0,3,4
-101827005996397499,eczema_dermatitis,0.78,4,4
-1022162013984621110,excluded,1.0,4,3
-1031911667791094656,eczema_dermatitis,0.78,2,2
-1033431645373513522,normal_other,1.0,3,3
-1036016816671158395,excluded,,3,2
-1036981968706453829,excluded,0.99,5,7
-1037438006618214143,excluded,,4,3
-1044594585476135937,excluded,0.56,3,5
-1056272893472010635,excluded,,,3
-1056928533969389753,eczema_dermatitis,0.99,2,1
-1057240568748349024,excluded,0.78,3,2
-1060130963443704102,excluded,0.33,2,2
-1061801124542504778,excluded,,3,2
-106405243948208551,normal_other,1.0,2,4
-1067542267811956200,excluded,1.0,4,4
-1073544188024944010,normal_other,1.0,,2
-1073891379022187312,normal_other,0.55,4,5
-1079717215777778516,eczema_dermatitis,1.0,3,3
-1079727161055493298,excluded,,3,3
-1087381795155772077,excluded,0.66,5,6
-1089800692688279258,eczema_dermatitis,0.78,4,3
-1099238256674819265,excluded,,2,3
-1101392520794914783,normal_other,1.0,1,3
-11128479390212235,excluded,,,2
-1113345605825367413,excluded,,4,2
-111683086443147412,excluded,0.73,3,4
-1119092979468790566,excluded,,3,2
-1120481478267460560,eczema_dermatitis,1.0,3,5
-1124376008163931651,excluded,,4,3
-1127347074157114394,excluded,,,2
-1128330186348790427,excluded,1.0,3,5
-113091225230567987,normal_other,0.55,2,2
-1131745754224368828,excluded,0.5,1,2
-1135026789486682604,excluded,,,4
-113600338199345486,excluded,,,1
-1137468110374856758,normal_other,0.67,3,3
-1147365175896762601,excluded,0.55,1,2
-1147837260705654157,excluded,,4,3
-1148272184782133632,excluded,,,2
-1148910296687609402,excluded,,3,2
-114959561601268372,acne,1.0,4,6
-1160477743339353280,eczema_dermatitis,0.67,,3
-1173129871484027314,excluded,,4,3
-1175252715545111648,eczema_dermatitis,0.78,2,3
-1176139745215707994,eczema_dermatitis,1.0,3,2
-1179468002507761906,excluded,,,3
-1180717079993352243,excluded,,,2
-1186785859296268316,excluded,0.73,2,1
-1194971820059996286,eczema_dermatitis,1.0,5,5
-1204349630028029673,excluded,1.0,3,2
-1207834327352514621,eczema_dermatitis,1.0,3,2
-1212008586821278166,excluded,0.33,1,2
-1212770266425026516,eczema_dermatitis,1.0,4,3
-1213387482804414270,excluded,0.5,3,2
-1214152415217842430,normal_other,1.0,4,4
-121780207208961369,excluded,,3,2
-1219618387013167058,normal_other,0.4,2,3
-1223731585128954908,excluded,,3,3
-1223898448071053723,excluded,,2,3
-1226908042701108862,excluded,1.0,3,1
-1233017355299361436,excluded,,,2
-1235573782679771458,excluded,0.67,4,2
-1239598386725310498,excluded,,,3
-1242563951569687529,excluded,,,4
-1243602176678500074,eczema_dermatitis,0.46,3,1
-1248246033945054233,normal_other,0.82,,3
-1250229492463751778,excluded,,4,3
-1251963679158960118,excluded,1.0,3,2
-1254264658081974557,normal_other,0.66,5,4
-1255305323698889844,excluded,0.33,2,2
-1255681262079788181,excluded,,3,1
-1257901370605398997,excluded,,,3
-1261265309605882327,excluded,1.0,4,3
-1262951599314161924,excluded,0.67,3,1
-1263855921325980066,normal_other,0.66,2,2
-1270861814991427444,excluded,,2,3
-1272269089515966092,eczema_dermatitis,0.56,2,3
-127385667420688236,excluded,,,3
-1285017031068666038,excluded,0.5,1,1
-1287537139414408239,eczema_dermatitis,0.55,2,1
-1296365891867434583,excluded,,4,3
-1297924875946549467,excluded,,,8
-1299793689195137504,excluded,1.0,4,1
-130215202506383973,eczema_dermatitis,1.0,4,6
-1302658650662297368,excluded,,2,1
-1306019410543480387,normal_other,1.0,5,6
-1311370454326164660,excluded,,,2
-13131843686168963,eczema_dermatitis,0.67,2,3
-1314807227897440400,excluded,1.0,4,3
-1326821931516381692,excluded,,,2
-1328316762587508887,excluded,,4,3
-1333015211845690309,eczema_dermatitis,1.0,2,2
-1333322829856804070,excluded,,3,2
-1337979528936324516,eczema_dermatitis,0.84,3,2
-1344904099031335410,excluded,,4,4
-1345393367046403731,excluded,,4,4
-1350086547191064233,excluded,,4,4
-1352892938664792412,excluded,,4,5
-1356334160777959420,excluded,,2,3
-1356854153574033866,excluded,,3,3
-135692501408390550,excluded,,,3
-1362015246551257780,excluded,1.0,5,3
-1364647863765645582,excluded,,3,2
-1369732580479712253,excluded,1.0,2,1
-1371350548664137971,excluded,1.0,2,2
-1375665758504784910,excluded,,,1
-1378411267380773173,eczema_dermatitis,0.59,5,4
-1378709613121042762,excluded,,,2
-1381447668976406600,excluded,,,4
-1382047363227076837,excluded,,4,2
-1388057736180861488,excluded,1.0,4,6
-1390386660930294961,excluded,,1,1
-1393362640648937029,excluded,,,3
-1397326356535699382,excluded,,4,8
-139845301334257651,excluded,,5,6
-1401882893833923465,excluded,,,3
-1406233755534959492,excluded,,,6
-1410373638686722492,eczema_dermatitis,0.55,2,1
-1412059264767200854,excluded,,3,2
-1412400779946112751,normal_other,1.0,5,6
-141393122114413977,acne,1.0,5,5
-1419373797020084244,excluded,,,5
-1420442426037207871,excluded,0.78,2,2
-1421944459823256225,normal_other,0.54,1,3
-1425393958987146449,excluded,1.0,3,2
-1426862160478842898,redness_rosacea,0.67,4,3
-1431247819699303708,excluded,,2,3
-1431595202607010716,excluded,,4,3
-1432754611217093642,eczema_dermatitis,1.0,6,7
-143319553970899940,excluded,,2,1
-1440607007617551864,eczema_dermatitis,1.0,4,5
-1448009532383550503,excluded,1.0,2,3
-1448713250426008719,excluded,,2,3
-1449778248329382586,excluded,0.84,2,4
-1455457950133640022,excluded,,1,1
-1455669111203448685,excluded,,,2
-1461655318304999587,excluded,0.5,3,2
-1465287498233593963,excluded,0.73,2,2
-1466240726537901317,eczema_dermatitis,1.0,,2
-1471237489962840287,excluded,,1,1
-147708187468899383,excluded,,3,3
-1479210190623557731,eczema_dermatitis,1.0,3,2
-1479297477794358381,excluded,,,1
-1480302206820013284,excluded,0.66,3,3
-1488733543179104224,excluded,,3,3
-1489059460537780682,excluded,0.4,3,3
-1489554259511957542,eczema_dermatitis,1.0,2,1
-1490620546587137533,excluded,0.5,3,2
-1492320040193351416,excluded,0.57,2,1
-1493032202640361702,eczema_dermatitis,1.0,2,2
-1494331029868205083,excluded,0.99,4,4
-1495841496004011282,excluded,,2,3
-1499022002423987659,excluded,,,2
-1499518133606453111,excluded,0.5,4,3
-1502911455314184658,eczema_dermatitis,1.0,2,2
-1506234296954769772,excluded,1.0,3,4
-150838352918869442,excluded,0.73,2,4
-1513090194364892124,excluded,,2,2
-1514456898517312171,eczema_dermatitis,0.78,3,2
-1521661966793304054,excluded,0.33,3,3
-1536506023388037046,excluded,,2,1
-1538047329824227087,excluded,1.0,4,4
-1542204444296561059,normal_other,1.0,,4
-1542593210179870498,excluded,1.0,1,3
-1546088961016604032,normal_other,0.59,2,2
-1547167117467078718,excluded,,5,4
-1547694632817825594,excluded,,3,2
-1551127930417558344,excluded,,2,3
-1571750243156555704,normal_other,0.67,3,4
-1574058106272157152,excluded,,,1
-1575270296046274366,excluded,0.99,2,3
-1576054129533543952,excluded,1.0,3,3
-158089738637053724,normal_other,1.0,3,1
-1587438555169083999,excluded,1.0,2,2
-158775017522447626,excluded,1.0,4,4
-1588895591454796436,eczema_dermatitis,0.68,2,4
-1591850424860312359,excluded,0.33,2,2
-159306299408086544,excluded,0.59,1,4
-1595867844041726825,excluded,,3,2
-1596197624011855985,excluded,,3,1
-1600648283109365918,excluded,,2,3
-1607687872846341789,eczema_dermatitis,0.55,4,5
-1610022389679467961,normal_other,0.52,4,5
-1612619570898203133,excluded,,4,2
-1615996741063613277,eczema_dermatitis,1.0,3,5
-1616454963494052359,excluded,0.55,3,4
-1622226095322953562,excluded,,,3
-162327857281578644,excluded,1.0,,4
-1627627850086456966,excluded,0.66,4,2
-1634529533156484145,excluded,,1,2
-1634812113032318983,eczema_dermatitis,0.67,2,2
-1636484005075863505,excluded,0.41,5,7
-1640718559874550834,excluded,,3,3
-1642854588169009714,excluded,0.33,1,2
-1642983824354302525,normal_other,0.78,3,1
-1647208460985153529,excluded,0.5,3,3
-1650964543725469791,excluded,,2,2
-1650995266857838824,excluded,,,6
-1651732277146141344,excluded,,2,2
-1654633133995010980,excluded,,2,2
-1659559780402537085,normal_other,1.0,3,2
-1667304359701422454,excluded,,3,3
-1669803446562688455,excluded,,2,3
-1670149440760145403,normal_other,0.55,2,4
-167378004455290906,excluded,1.0,3,2
-1677783124622788824,excluded,,3,3
-1678659385792656407,excluded,,4,3
-1679661288171171796,excluded,0.41,2,3
-1679749674012412690,excluded,0.78,3,2
-1682385186378870551,excluded,1.0,4,4
-1687786499395222413,eczema_dermatitis,0.67,3,3
-1688996550472163044,excluded,1.0,2,2
-1694584375310842794,eczema_dermatitis,1.0,3,1
-1698000878108568001,acne,0.67,1,2
-1698385877925393566,excluded,0.33,1,2
-1701663277076532920,excluded,0.83,3,
-1704513895095613963,normal_other,1.0,4,5
-1707948615706856985,excluded,,,4
-1710683267759148357,normal_other,1.0,1,1
-171151970377645525,excluded,1.0,3,5
-171207265984757447,excluded,0.82,3,2
-1712619350051039848,acne,1.0,4,5
-1714234060714196412,excluded,,3,2
-1721193395195371413,excluded,,2,1
-172847504564561903,eczema_dermatitis,0.47,2,4
-1730483479936515624,normal_other,0.6,4,4
-1733088243273090927,normal_other,0.78,3,2
-1733892733234992438,eczema_dermatitis,0.66,1,3
-1739997494738345481,eczema_dermatitis,1.0,2,2
-1753203522272404902,excluded,,4,3
-1758722296414698325,excluded,,4,5
-1759968581315164235,excluded,,2,3
-1760420203445162523,eczema_dermatitis,0.7,4,5
-1763853739567713066,excluded,,3,4
-1774330920200357310,excluded,,,2
-1774356240199512703,excluded,0.99,3,3
-177741761654665523,eczema_dermatitis,0.67,1,2
-1777911181919401326,eczema_dermatitis,1.0,5,6
-1786703330234763729,eczema_dermatitis,1.0,3,3
-178687650198430428,normal_other,1.0,4,4
-1788764528155359436,eczema_dermatitis,0.67,5,8
-1795140826943421698,excluded,0.63,3,3
-1796547571098049782,eczema_dermatitis,0.82,,4
-1796688741678634515,eczema_dermatitis,0.62,2,4
-1799734137313305327,excluded,,3,4
-1800345024210002541,normal_other,1.0,4,6
-1801773442347821171,eczema_dermatitis,0.92,2,2
-1802525719927640115,excluded,,2,2
-1805033066219157454,excluded,1.0,3,4
-180515864010175163,excluded,,2,1
-1808018224099743690,excluded,0.61,3,2
-1811170908909215193,excluded,,3,2
-1813044020559981615,excluded,,4,4
-1816252377879876704,excluded,1.0,1,2
-1816349243281428100,excluded,1.0,4,2
-1817070931922324358,eczema_dermatitis,1.0,2,3
-1822381819381484229,normal_other,0.67,5,5
-1825399725986561445,excluded,,5,6
-1828274664360432856,excluded,,2,3
-1829482998281419916,excluded,0.75,4,4
-182960019200430749,excluded,,2,3
-1829868329489860851,normal_other,0.67,3,2
-1834609919572055750,excluded,1.0,3,4
-183496694001647318,normal_other,0.67,5,7
-1842961559271325132,eczema_dermatitis,0.78,1,2
-1843438970712066693,excluded,,4,4
-1848692266907140262,excluded,1.0,5,7
-1849137245283207036,excluded,0.5,5,2
-1850226839066595542,excluded,,3,1
-1850848828639487211,excluded,,3,2
-1852483268132010602,excluded,,,2
-185529518023482284,excluded,0.5,3,2
-1855876897354133713,eczema_dermatitis,0.55,5,6
-1858074919157540757,excluded,,4,3
-1860534123027159257,excluded,,,1
-1863232809958220678,excluded,1.0,1,3
-1867477807071653688,eczema_dermatitis,1.0,2,3
-1868963273118308625,eczema_dermatitis,0.78,2,2
-1871735434370862272,eczema_dermatitis,0.99,4,4
-1875478364316190270,excluded,,3,4
-1875794615308021180,excluded,,5,5
-1876369085985161417,excluded,1.0,3,3
-1877569739129479542,excluded,,3,1
-1878373055854834168,normal_other,0.67,3,2
-1884386860080869294,normal_other,1.0,4,3
-1884555042005857326,excluded,1.0,3,3
-1885006961985571245,eczema_dermatitis,0.66,2,2
-1887628934277529772,normal_other,0.55,2,1
-1889046915376487018,excluded,0.82,2,2
-1890377253000752937,normal_other,0.5,2,2
-1899549738559203180,excluded,1.0,2,2
-1901371167354424904,excluded,,,3
-1901738992949042284,excluded,,3,3
-1909214615567585672,eczema_dermatitis,0.66,3,2
-1909249561497013973,excluded,,2,2
-1909970519930180392,eczema_dermatitis,0.66,2,3
-1910374931657425749,excluded,,2,2
-191075219310428463,excluded,1.0,5,6
-1913556066685922668,excluded,,3,4
-1913879392504838169,excluded,0.5,5,5
-1913971062483116292,excluded,0.5,2,1
-1921700768853571460,excluded,,2,2
-1937936622693861461,acne,0.55,3,4
-1939887750413960945,eczema_dermatitis,0.78,2,2
-194017562508969044,excluded,1.0,4,5
-1942650442362782039,excluded,0.5,,2
-1951833005437976629,excluded,0.42,5,8
-1953204815426236733,excluded,,3,2
-1956350918123139833,excluded,0.67,3,4
-1960998381321875419,excluded,0.33,3,7
-1963679039093285796,excluded,,1,2
-1964801097019886136,normal_other,1.0,4,4
-1965801267162774720,excluded,,2,2
-1965995104253518640,acne,1.0,2,2
-1966861136963988184,excluded,,,2
-1972288829978994046,excluded,,3,2
-1981350712289441637,normal_other,0.78,5,4
-1982583077118020211,excluded,,2,2
-1987591282915169991,excluded,,4,3
-1989306803632942402,eczema_dermatitis,0.82,3,3
-1989826289377569058,excluded,,2,1
-1992592609114280975,excluded,1.0,3,2
-1992921329596150242,excluded,,4,4
-1994784874419458634,excluded,1.0,5,6
-1995353311098687605,excluded,,3,3
-1995591751980974212,excluded,,,4
-1995623350898056783,excluded,,,6
-2003651929853335958,excluded,,1,3
-2005856048520510588,excluded,0.5,3,2
-2009076901863769058,excluded,,,2
-2009451747102638983,eczema_dermatitis,0.54,3,5
-2021623206586982766,eczema_dermatitis,1.0,3,2
-2023054904950571313,excluded,,4,1
-2025662459941441200,normal_other,0.67,2,3
-2033066751549921721,eczema_dermatitis,0.52,3,3
-2040254933737839525,normal_other,0.55,3,2
-2041150285640312578,excluded,0.71,2,3
-2045379329244589590,excluded,,3,3
-2047169649649902736,excluded,,4,2
-2049849437326613803,normal_other,0.55,2,2
-2051363250643774652,acne,0.67,4,4
-2051529073502780670,excluded,1.0,1,3
-2055586599615361813,excluded,1.0,3,5
-2056172001267710981,acne,0.55,2,3
-2063877357017769216,excluded,,3,1
-2064087285742963892,eczema_dermatitis,0.66,3,1
-2065417092297366556,eczema_dermatitis,1.0,,3
-2067133841581964596,excluded,1.0,2,2
-2068726382949642492,excluded,,3,2
-2079383910052664228,eczema_dermatitis,1.0,5,4
-2086724705849419892,eczema_dermatitis,0.66,2,3
-2087328523973467169,excluded,,,3
-2088606867004492139,eczema_dermatitis,0.71,3,2
-2091002312207797084,excluded,,2,2
-2091950744963898567,excluded,0.39,2,4
-2094330490317380324,eczema_dermatitis,0.85,4,4
-2095318270100924228,excluded,0.67,,1
-2095672275036950296,acne,0.5,2,3
-209875406325111802,acne,0.67,3,4
-210748080981056880,excluded,,,5
-2109737640141340092,eczema_dermatitis,1.0,2,3
-2110024220741452514,acne,1.0,1,2
-2110371632477731146,excluded,,3,4
-2112080346532026288,excluded,1.0,3,5
-2113921161849263367,excluded,1.0,3,5
-2114905018103603103,excluded,,2,2
-2117370401055716418,excluded,0.5,4,4
-2119304684413141698,excluded,,,4
-2122313697199103833,excluded,,,2
-2124276015150406331,eczema_dermatitis,1.0,4,6
-212539993065107889,excluded,,3,1
-2125904985514981931,excluded,,2,3
-2148832211504214616,normal_other,0.67,2,3
-2150463267452276660,excluded,1.0,3,3
-2151643177052809428,excluded,,,1
-2151981460582938737,excluded,,3,2
-2153053289354167438,excluded,,3,2
-2157254992256757926,excluded,,2,3
-2160078793405903722,excluded,0.78,,3
-2168753089374347318,excluded,,2,2
-2174164248374069977,eczema_dermatitis,0.66,1,2
-218355838670686470,excluded,1.0,3,2
-2188727465001172893,excluded,,4,3
-220629607715540758,excluded,,,1
-2211519867318737234,normal_other,0.55,3,
-2213437843928773021,excluded,,,4
-2215364224764240066,excluded,1.0,5,5
-2219827066341789081,eczema_dermatitis,0.53,5,6
-2220022057587462656,excluded,,3,3
-222501243504094273,excluded,,3,3
-2234159851162385941,excluded,,4,5
-223509246511414690,excluded,0.65,2,2
-2235380928611201769,excluded,,4,6
-225157969521631401,excluded,,2,3
-2256712564550895404,excluded,,,3
-2257423882813548775,redness_rosacea,0.67,2,3
-2260854478226475517,excluded,,3,3
-2263921797525911662,excluded,,,3
-2264019987022902025,eczema_dermatitis,1.0,2,4
-2268566413642379377,excluded,,2,1
-2278432090169603776,excluded,1.0,1,3
-2281932453725824253,acne,1.0,3,1
-2284844657715608795,excluded,,4,5
-2288801710625587400,excluded,1.0,2,3
-2293733544536234867,excluded,,,2
-2294673420773187732,excluded,0.41,5,6
-22984583040455183,excluded,1.0,,2
-2298741642819106068,excluded,1.0,4,4
-2299779952904038725,excluded,0.82,2,2
-2299953912359834796,excluded,,,2
-230489946767058988,excluded,0.66,5,7
-2305175233838037269,eczema_dermatitis,0.68,3,5
-2312184597252970115,excluded,0.66,1,2
-2313799908858174271,normal_other,1.0,3,5
-2316205539922944319,excluded,,4,3
-2320050597982899310,excluded,0.48,5,7
-2334340205139353264,eczema_dermatitis,1.0,4,2
-2335552197652995912,normal_other,0.79,2,4
-2342353570443182220,excluded,1.0,5,4
-2347337538315372052,normal_other,0.67,2,2
-2352425788018254497,eczema_dermatitis,1.0,2,2
-236025651594313549,excluded,0.55,2,4
-2364228293561605617,excluded,,3,3
-2375843028488783684,excluded,1.0,3,2
-2378677059987199477,excluded,,,1
-2385705523120200972,normal_other,0.55,3,4
-2397769908121479148,excluded,,3,2
-2398320529907536007,excluded,,4,4
-2398859378888320661,eczema_dermatitis,1.0,2,2
-2400802139054066549,normal_other,0.55,5,6
-2406161258157280047,excluded,,,2
-2407319126554877039,eczema_dermatitis,0.73,3,3
-2408941940647497733,excluded,,,2
-2409591406803902581,eczema_dermatitis,0.67,4,5
-2409845719071941216,normal_other,0.67,4,4
-2414797351374998095,excluded,,2,1
-2417033672747479638,excluded,,3,4
-2420670963295906064,eczema_dermatitis,1.0,3,3
-2424847738526446604,excluded,,4,6
-2425059282203564964,excluded,,,2
-2434813106007898758,excluded,,2,2
-2435035923412360662,excluded,0.66,6,7
-2440785736822898502,excluded,,3,5
-2442140549407593621,excluded,,2,2
-2447479479768964634,excluded,,,3
-2448659522035063363,excluded,,2,2
-2451133106015456592,acne,0.67,3,1
-2458386020616457489,eczema_dermatitis,0.99,3,2
-2463938315561239791,excluded,,2,2
-2464680763548612114,normal_other,1.0,4,3
-2472582145754793649,excluded,,2,2
-247428263627831494,excluded,,,4
-2476666525066355593,eczema_dermatitis,0.78,2,1
-2478721943889381514,eczema_dermatitis,1.0,5,3
-2483075134447987416,eczema_dermatitis,1.0,1,2
-2489354313021891751,excluded,,3,2
-2489398836625963530,eczema_dermatitis,0.55,3,2
-2494478177641295044,eczema_dermatitis,1.0,2,2
-2497369499064387207,eczema_dermatitis,0.55,2,2
-2498171137102779325,excluded,,,4
-250190786256081369,normal_other,0.78,2,2
-2509245394548202787,normal_other,0.67,2,2
-2514467038397595743,excluded,1.0,2,2
-2518265086444700975,eczema_dermatitis,1.0,,4
-2521833375555935228,eczema_dermatitis,0.73,2,3
-2529785992817413740,excluded,,4,6
-253157679236446593,excluded,,3,2
-2531710531440858432,excluded,,5,3
-2532399363694021270,excluded,,4,6
-2534326738655521400,redness_rosacea,1.0,3,3
-2538491294281447306,eczema_dermatitis,0.48,3,1
-2539375349959300149,excluded,,5,6
-2542529276347975812,excluded,,2,3
-2544853122137436420,excluded,,3,2
-2553298503511480924,excluded,,2,3
-2557555499143435698,eczema_dermatitis,0.66,2,2
-2561375754866180167,excluded,,,4
-256867940930929101,normal_other,0.78,2,1
-2568835947642432686,eczema_dermatitis,0.86,2,1
-2576819732270059648,excluded,,3,2
-2583469920662282421,excluded,,2,3
-2593270997761285390,eczema_dermatitis,0.53,3,6
-2599589943800827158,normal_other,0.66,3,4
-260055633387024300,normal_other,0.67,2,3
-2604354007631102660,excluded,1.0,4,2
-2606626647344711879,excluded,,5,5
-2613538098417576570,excluded,0.66,2,2
-261461048310202211,eczema_dermatitis,1.0,1,1
-2614780477415383149,excluded,,4,5
-2615067672343817892,eczema_dermatitis,1.0,3,3
-2615734611435503530,excluded,,2,2
-2618609792423828453,normal_other,0.55,2,2
-2628136234948662823,excluded,0.56,3,3
-2642357760272672010,excluded,,3,2
-2642479472977208242,eczema_dermatitis,0.67,3,2
-2642851062546866158,excluded,,1,1
-2642926552616181779,normal_other,1.0,4,3
-2643442946001837504,excluded,,,1
-2644543721930442994,excluded,,1,2
-2656805594284374401,normal_other,0.68,2,1
-2657626181402158336,normal_other,0.73,2,3
-2658310133261964243,excluded,,2,2
-2658422521628561596,eczema_dermatitis,1.0,,
-2672514076941533890,normal_other,0.82,3,4
-2680375134802826328,excluded,,,3
-2683650026574626295,excluded,,3,3
-2684402115940592031,excluded,,5,4
-2685406940260388372,eczema_dermatitis,1.0,2,3
-2688547852938659414,excluded,,,2
-2693235758886310777,excluded,,2,2
-2694175290904652700,excluded,0.67,3,3
-269464355843594824,excluded,,2,2
-2694778364670578365,eczema_dermatitis,1.0,3,3
-2695871526305439171,excluded,1.0,2,3
-2698749162940447686,excluded,1.0,3,3
-2704067241457051662,excluded,0.82,3,3
-2717442018131999310,excluded,,3,2
-2717895272468835477,eczema_dermatitis,1.0,2,3
-2717955426685234246,eczema_dermatitis,1.0,5,8
-2720118774298247704,normal_other,0.55,3,3
-2720160851162421047,excluded,,4,4
-2720193912587488455,eczema_dermatitis,1.0,5,5
-2727559143947269561,excluded,,3,2
-2727997541216656153,excluded,0.66,2,4
-272905418481506543,normal_other,0.55,3,2
-2730328696819415481,excluded,,,2
-2731434249368739600,excluded,,3,2
-2734658368631963733,excluded,,2,2
-2740479848383925335,acne,0.59,4,5
-2745801549963696812,normal_other,0.5,2,3
-2749148898510967019,excluded,,2,3
-2752892469117874055,excluded,,3,2
-2754989681802946536,excluded,,,4
-2758674668179597959,acne,1.0,2,3
-2763334128451959041,excluded,,,2
-2767398695931555504,eczema_dermatitis,0.66,5,5
-2771384970277456203,eczema_dermatitis,0.67,1,1
-2773247639729699222,eczema_dermatitis,0.63,5,6
-2774124149930430027,excluded,,5,4
-2777977347055512440,excluded,,4,3
-2778656704410404469,excluded,,3,4
-2779069474629378278,excluded,,2,2
-2780342084189206452,eczema_dermatitis,0.67,3,4
-2781979344103020502,excluded,,4,7
-2783613313320624421,excluded,,,2
-2786042603621025019,excluded,0.66,1,2
-2786316001430854671,excluded,,4,5
-2798227543255403982,excluded,,2,4
-2800564846736956276,excluded,,,3
-280318703075879215,excluded,,2,2
-2811392927444711770,excluded,,,3
-2820621476596492080,excluded,,3,1
-2825268606715146676,excluded,0.33,3,6
-2835025510005310152,excluded,0.47,2,2
-2835377920714462030,excluded,,3,3
-2839256645523105018,excluded,0.67,2,3
-2844418249342760397,excluded,0.89,3,5
-2850386081379417050,excluded,,4,4
-2850907777802947471,eczema_dermatitis,1.0,3,3
-286247363123607714,excluded,,3,2
-2863682206632511079,excluded,,3,3
-287025860653024472,excluded,,2,3
-2872406912150314782,excluded,,,3
-2875738418399515156,excluded,0.66,3,4
-2877086430160735118,excluded,0.99,5,6
-2885771906506928784,eczema_dermatitis,1.0,1,1
-2890762660858104434,normal_other,1.0,1,2
-2893440122003555268,excluded,,4,3
-2898323631069162057,excluded,0.33,2,2
-2899499762926556472,excluded,,2,2
-2901403481133969902,excluded,0.67,2,3
-2902904570035322532,excluded,1.0,2,3
-2904615533087099857,normal_other,0.73,2,3
-290702021969414444,normal_other,0.55,2,1
-2916489668261295734,eczema_dermatitis,1.0,2,3
-2917219078523027518,excluded,,2,2
-2923974706399124170,eczema_dermatitis,1.0,3,1
-2926740329983193648,excluded,,2,3
-2929036763099166629,eczema_dermatitis,1.0,,3
-2931209707897506268,excluded,0.46,2,2
-2936300617258611868,excluded,,4,6
-293634283731058535,excluded,0.66,2,1
-293663872089495839,excluded,,3,4
-2937361984105521634,excluded,,3,1
-2941189066721502335,excluded,0.78,2,5
-2945789635680872312,eczema_dermatitis,0.76,2,2
-2947794108394298602,excluded,1.0,3,2
-2951880209868424687,excluded,,2,3
-2953977363690975127,excluded,,1,1
-2956980661052614661,excluded,1.0,4,3
-2965824752994318444,excluded,,,2
-2967497432069044121,excluded,0.82,2,2
-2971165393662420783,excluded,,2,6
-2972957245978748417,excluded,0.66,2,4
-2973283610329180012,eczema_dermatitis,1.0,2,2
-2973481794307902887,excluded,1.0,5,7
-2977314636754796251,excluded,1.0,2,3
-2977709782665462768,excluded,,4,5
-2978920008182875820,normal_other,0.67,4,6
-2981034435861592125,excluded,,,2
-2986702064294375651,eczema_dermatitis,1.0,3,2
-2991595796099541255,excluded,0.66,3,3
-2993747088586116770,excluded,0.33,4,5
-2994712363562385732,excluded,1.0,4,3
-2995280827413069498,excluded,,3,4
-2995793418936093828,eczema_dermatitis,1.0,2,2
-3001645697280649972,excluded,1.0,3,5
-300631213208811602,eczema_dermatitis,1.0,2,3
-3007647582847548371,excluded,,4,3
-3009021159089591187,excluded,,4,5
-3011928481980409600,eczema_dermatitis,0.99,3,3
-3013942633656158030,excluded,,3,3
-3031164937879065854,acne,0.41,2,2
-3043512484775155661,excluded,,6,7
-3046320679056492616,normal_other,0.67,1,1
-3051547885479914363,normal_other,0.55,2,2
-3053256628485862140,excluded,0.66,4,3
-3055300247709269077,eczema_dermatitis,1.0,2,3
-3057585073755990550,excluded,,,
-3059654233454543811,eczema_dermatitis,1.0,4,6
-305974113576963776,excluded,,4,2
-3060263520815794413,excluded,1.0,3,3
-3061907967183722226,normal_other,0.67,3,2
-3065053377276046044,excluded,,3,3
-3065746989725887028,excluded,,2,1
-3072430585312749422,excluded,0.55,3,1
-3076335762240395436,excluded,,2,2
-3080746527613964567,excluded,,3,3
-3087483495101459323,excluded,0.99,4,3
-3090505443132884990,eczema_dermatitis,0.58,2,1
-3097480542441077993,excluded,,1,1
-3106778686281302656,acne,1.0,4,6
-3108375201572495508,excluded,0.5,1,2
-3109956408190472881,normal_other,0.66,4,7
-3114086098290887890,excluded,,,5
-3115675176319456179,excluded,,1,3
-3116603665450719306,excluded,0.5,4,2
-3118973063707390397,normal_other,0.67,6,8
-3125828800269598547,excluded,0.33,1,2
-3128947595995285241,excluded,,2,3
-3152117680981680279,excluded,,,4
-3152153473367023548,excluded,,2,3
-315261777870706776,excluded,1.0,4,3
-3154952215641996585,eczema_dermatitis,1.0,2,3
-3155094398653502397,excluded,1.0,2,3
-3155383803768080198,excluded,,2,4
-3157134700169588325,excluded,,3,2
-3161699982168887517,excluded,,4,4
-3165884193421554204,eczema_dermatitis,0.99,3,1
-3168696954619955483,excluded,,5,7
-317802374208941139,excluded,,,2
-3182809862860496086,eczema_dermatitis,0.66,1,2
-3182906443640236646,normal_other,0.59,3,3
-3191532846344919084,excluded,0.33,5,6
-3201048417782200961,excluded,,3,1
-3208362477794549016,excluded,,,4
-3209325521384788001,eczema_dermatitis,0.99,2,1
-3212122721522619045,excluded,,4,4
-3216293050958538290,excluded,,,2
-3217195219319899296,excluded,,4,3
-3218276816374427640,eczema_dermatitis,1.0,4,3
-322773149553682393,excluded,,2,3
-3228831517865585510,excluded,,3,3
-3235011894410927150,excluded,0.99,1,2
-3236616336643534923,excluded,,5,7
-3236845699491204961,excluded,0.33,1,2
-3237842544857285787,excluded,,3,5
-3239313504364543357,normal_other,1.0,2,4
-3240044829540479265,eczema_dermatitis,0.86,2,2
-3240144394997569959,excluded,,4,6
-3241123329974240434,normal_other,0.71,4,7
-3243187411530979991,eczema_dermatitis,1.0,2,3
-3245549247380873817,normal_other,0.55,3,5
-3247544067658330427,acne,1.0,2,3
-3248097237441523419,redness_rosacea,1.0,2,2
-3252145323326086181,excluded,0.78,2,2
-3254428368288170569,excluded,0.59,5,6
-3257836476547616702,eczema_dermatitis,0.65,4,5
-3258250159325961476,normal_other,0.78,2,3
-3264520064072087921,excluded,1.0,3,1
-3272749801664805139,excluded,0.33,5,8
-3274313382260132631,excluded,,3,3
-3276670163310725388,excluded,,2,3
-3276713119785933750,excluded,,,3
-3280224626565056516,normal_other,0.69,2,3
-3285402640896594530,normal_other,0.67,3,3
-3287125563218426027,normal_other,1.0,4,3
-3292291018048264526,eczema_dermatitis,1.0,3,2
-3298664804979000976,eczema_dermatitis,1.0,6,7
-3300501894648865067,excluded,,2,1
-330431243853295711,normal_other,0.67,3,4
-3312338475328826011,excluded,,4,4
-3313654553366162946,acne,1.0,4,3
-3313819324664827798,excluded,,4,2
-3319916890048474709,excluded,,4,5
-3321349411813362669,normal_other,1.0,,2
-3322391844184846931,eczema_dermatitis,1.0,1,1
-3328747717411237446,excluded,1.0,2,3
-3334867013813268088,eczema_dermatitis,1.0,2,3
-3335275480802546143,excluded,,2,3
-3341443246376937478,eczema_dermatitis,0.69,3,4
-334225504013808742,acne,1.0,4,3
-3342777860023762750,eczema_dermatitis,0.78,2,2
-3344421541633317026,excluded,,3,2
-3345002177565292187,excluded,0.78,2,2
-3359075024648748870,excluded,0.59,1,3
-3359208570748043150,excluded,0.55,2,2
-3364861318434448691,excluded,0.82,4,3
-3366104471592148573,excluded,,,
-3368700702387238612,eczema_dermatitis,0.78,2,2
-3370840101593153446,eczema_dermatitis,1.0,4,4
-3373221506836930958,excluded,,3,1
-3373645002518505031,excluded,,5,5
-3376459910026346710,excluded,0.33,2,2
-3378811833976146316,excluded,,,3
-3385663672767697299,excluded,1.0,3,3
-3385850542697500626,excluded,0.41,1,3
-3386080652221737750,excluded,,5,7
-3399323628854326999,redness_rosacea,0.67,4,4
-3406507834674402591,eczema_dermatitis,1.0,3,3
-3407628263497825003,eczema_dermatitis,0.51,5,7
-3409164447306126047,excluded,,,4
-3411139162871111909,excluded,,2,2
-3411210273072761558,excluded,0.55,2,2
-341609823223596940,eczema_dermatitis,0.55,2,1
-3424844468905849063,excluded,,2,2
-3426382639481624876,eczema_dermatitis,0.99,1,2
-342988063605279764,excluded,1.0,4,3
-3433118074557782138,eczema_dermatitis,0.66,1,2
-3435649364043344228,excluded,,3,2
-3442645423757682251,excluded,0.78,4,3
-3446760660757496198,excluded,,2,1
-3447546215106906556,excluded,,6,7
-3448855933106024508,excluded,1.0,1,2
-3450719684191511335,excluded,0.59,4,5
-3451055451466346496,excluded,1.0,3,4
-3452772641969075071,excluded,,,2
-3453153335285314118,acne,0.62,2,4
-3454262457229134527,excluded,,4,5
-3454401639852326982,excluded,,,2
-3460511752258703792,excluded,,4,5
-3465753245040059951,eczema_dermatitis,0.67,2,2
-3469683158971288683,excluded,,6,8
-3470196516751945643,eczema_dermatitis,1.0,1,2
-3472013078354125372,eczema_dermatitis,0.67,2,4
-3474834728281297218,excluded,,3,2
-3475057659217907156,eczema_dermatitis,0.73,3,5
-3481793704947608790,eczema_dermatitis,1.0,2,2
-3496891871719181594,excluded,,3,1
-3497222674396757813,eczema_dermatitis,0.78,2,3
-3500001267820823094,normal_other,0.55,3,3
-3505119625259525253,normal_other,0.59,2,2
-3508263302029113573,eczema_dermatitis,0.66,1,2
-3508866843254989493,excluded,,2,3
-3510347072927539298,eczema_dermatitis,1.0,3,2
-351160911787865539,excluded,,5,6
-3513995310663886945,excluded,,3,3
-3515720130922991389,excluded,,4,2
-3518002750956766874,eczema_dermatitis,0.93,2,3
-3518984822601104202,excluded,1.0,5,5
-3524643150788139680,excluded,,,2
-3525726916537515670,excluded,0.33,3,3
-352783143458693731,excluded,1.0,4,4
-3534410300979499809,normal_other,0.55,2,3
-3534531026667770941,excluded,0.59,2,2
-3546401502157145072,excluded,,,2
-3549335294079358930,eczema_dermatitis,0.82,3,2
-3552892440480185863,eczema_dermatitis,1.0,2,1
-3560408579487589129,excluded,,,5
-3561599960463450236,excluded,,3,3
-3562827526424050103,excluded,1.0,4,4
-3564384504278644399,redness_rosacea,0.55,2,4
-3564454074097424846,excluded,,2,3
-3565440786325437377,eczema_dermatitis,0.66,2,1
-3573960484548670946,excluded,,3,3
-3578376751237941734,normal_other,0.51,1,3
-3578549284921191146,eczema_dermatitis,0.67,2,2
-358285866955788405,eczema_dermatitis,1.0,4,5
-3587508205045575978,normal_other,0.66,2,2
-358926703639027556,eczema_dermatitis,0.67,3,3
-3598647100202420076,excluded,1.0,1,2
-3605865310203104341,excluded,0.36,2,2
-3614186830363763454,excluded,,4,2
-361434018046650255,excluded,,,3
-362162726839954708,eczema_dermatitis,0.66,1,1
-3625746245509100785,excluded,0.78,3,2
-3629758881865588484,excluded,,5,6
-3630961971765961030,excluded,,,
-3635392106358707031,excluded,,3,2
-3643248167198411501,normal_other,0.67,3,3
-3643424839908502589,excluded,0.82,2,3
-3655403642272995046,excluded,,,3
-3663661959392672909,excluded,,2,2
-3672918390540927438,excluded,,,3
-3674218230973070176,normal_other,1.0,3,2
-3681699498458380982,excluded,,3,3
-3686427836208036381,excluded,,4,2
-3706986546510711962,excluded,0.5,1,1
-3709647468490574581,eczema_dermatitis,1.0,4,4
-3709809055383318696,acne,1.0,2,2
-3712488613711989808,excluded,1.0,2,2
-3716708660818523708,excluded,,2,3
-3724261065078851059,excluded,,5,5
-3725909251569232131,excluded,,,3
-3729405817702330277,eczema_dermatitis,1.0,4,4
-3732568176778813949,excluded,,2,2
-3736850922923665026,excluded,0.5,3,2
-3737463860398593041,normal_other,0.62,3,6
-3738245088908487090,excluded,0.82,3,3
-3740291905094527133,acne,0.63,5,6
-3741333768096649898,excluded,,4,4
-3742374133778200054,excluded,0.66,3,2
-3743597917991084521,normal_other,0.6,2,3
-3748755439497830987,excluded,,4,3
-3753220776898215006,normal_other,0.78,2,2
-3753227757914825438,excluded,,4,5
-3754475935354644970,excluded,1.0,2,1
-3759068530505433872,excluded,,,4
-3761516173022305921,excluded,,2,1
-3764102713697809596,excluded,,2,1
-3764151822722642877,excluded,,,2
-3767455645730726154,excluded,,2,2
-3768594983498155183,normal_other,1.0,2,4
-3773809556979584209,excluded,0.57,3,4
-3777249046227423404,excluded,,2,1
-3781754376011048065,excluded,0.5,3,4
-3783132864448412807,excluded,,2,3
-3793511223104685251,normal_other,0.66,5,7
-3794873461762905046,excluded,,4,3
-3800045492462279813,excluded,,4,3
-3800848765852525617,excluded,0.89,2,3
-3806048218750060470,excluded,1.0,2,2
-3810890554448335645,eczema_dermatitis,1.0,4,2
-3812278373126334896,excluded,,2,3
-3813073966945459729,excluded,,3,1
-3815513116289146797,excluded,1.0,5,6
-3836665857980310045,eczema_dermatitis,0.78,4,4
-3837747594652952379,normal_other,1.0,3,2
-3841091253724337986,eczema_dermatitis,0.78,4,4
-3843736177981405352,excluded,,,5
-3845149983922646025,excluded,,4,4
-3850165856889995124,eczema_dermatitis,0.67,2,3
-3860721172757189154,excluded,1.0,4,2
-3865684081418033870,excluded,,3,3
-387145574904809285,excluded,,2,2
-3871839807525937167,eczema_dermatitis,1.0,1,2
-388844336225584167,normal_other,1.0,2,3
-3889296755324006605,excluded,,2,2
-3902972343084754168,eczema_dermatitis,1.0,3,2
-3912193448916036992,normal_other,1.0,,2
-3914623735036915534,eczema_dermatitis,1.0,2,3
-3914661311749570586,excluded,,,2
-3916239404794273877,excluded,,6,7
-3916369382395560410,excluded,,2,4
-3916852901953377227,excluded,,,2
-392005153369306689,excluded,,,3
-3927370802777078831,excluded,,3,6
-393160479288611459,excluded,,4,1
-3932945708986814119,normal_other,1.0,,2
-3940816727290109028,eczema_dermatitis,0.67,3,3
-3942913842354643977,normal_other,0.55,1,3
-3944824307861448611,normal_other,1.0,4,2
-3946666640559977975,excluded,0.66,4,4
-3953587143997695093,excluded,1.0,3,1
-3957840007110791525,excluded,,,3
-3959863205251640906,excluded,,,2
-3969569173710538759,eczema_dermatitis,0.66,2,3
-3973645630723503011,normal_other,0.43,2,4
-397368205082120789,acne,0.67,2,2
-3980429140994861077,excluded,,5,6
-3980706955905727732,excluded,,1,1
-3981830693620107309,excluded,,,4
-398268242768992499,excluded,1.0,3,1
-3983029521824557953,excluded,0.33,2,2
-3986748508757622431,eczema_dermatitis,0.82,4,5
-3986995536806137754,normal_other,0.78,5,8
-3989271607600410731,excluded,,3,2
-3990231191768619319,excluded,0.66,1,1
-3990745621450634176,excluded,,2,2
-3994655809094939304,excluded,0.59,1,2
-4003037693112291415,excluded,0.48,2,3
-4007409920153874573,excluded,,6,9
-4011783081314495315,excluded,1.0,2,2
-4011997023993452458,excluded,,4,4
-401375748979711136,normal_other,1.0,4,4
-40166301217323152,excluded,,3,3
-4022867372683468093,normal_other,0.67,5,6
-4032921157387474723,eczema_dermatitis,1.0,2,1
-4032969137454733343,excluded,,5,5
-4037505505904494246,excluded,,3,2
-4043405258060479315,excluded,,,3
-4046670466073814031,excluded,,3,2
-405175861936400543,excluded,1.0,3,2
-4052393492851173856,excluded,,,5
-405287547663640199,eczema_dermatitis,0.88,2,2
-4056281030633940623,excluded,1.0,4,1
-4056611902312817215,eczema_dermatitis,0.45,3,7
-4056721844074008988,excluded,0.99,1,3
-4058464818092242774,eczema_dermatitis,0.59,2,2
-4059203500843188433,excluded,0.35,4,4
-4059737581854300157,excluded,1.0,3,2
-4071768868495766495,eczema_dermatitis,0.67,2,3
-4072722080814536469,excluded,0.58,2,1
-4075171632282363064,excluded,,,2
-4075310940141929102,eczema_dermatitis,1.0,1,2
-4075890093898592685,excluded,,2,1
-4076782359054286063,eczema_dermatitis,1.0,2,1
-4083001054106656422,excluded,,4,4
-408534567856996060,eczema_dermatitis,1.0,4,2
-408774889650325500,excluded,,,3
-4088323579949220694,excluded,,,2
-4091616041066838543,eczema_dermatitis,1.0,5,8
-4092777560099499566,excluded,,,1
-4095289026570583605,excluded,,2,3
-4100557201656682452,eczema_dermatitis,0.78,3,1
-4101417443465145950,excluded,,5,6
-4108509025034148009,excluded,1.0,3,5
-4113364670973148735,eczema_dermatitis,1.0,2,2
-4118522682722481510,eczema_dermatitis,0.63,2,3
-4119328652026046199,eczema_dermatitis,0.67,4,4
-412127215807292326,excluded,0.5,2,3
-4126125491669472910,excluded,,,2
-4126302066580882915,excluded,,2,2
-4127104856145465032,excluded,1.0,,5
-4128905480190900218,normal_other,1.0,5,6
-4136834548903834195,eczema_dermatitis,1.0,3,2
-4137328981418897580,excluded,,2,1
-4138952571535094520,normal_other,1.0,,2
-4141002837213039739,excluded,,,5
-4145869293540657966,excluded,0.5,5,5
-4146954066957570440,excluded,1.0,2,2
-4149037803342764560,excluded,,,2
-4149065585657858240,excluded,0.67,4,4
-4149460212642391383,eczema_dermatitis,0.73,4,5
-41508743784102671,eczema_dermatitis,1.0,3,3
-4151350569016626448,eczema_dermatitis,0.72,2,2
-4152219847932995408,excluded,,,3
-4154592516831070190,eczema_dermatitis,0.78,2,3
-4156608237143524629,excluded,,6,8
-4161476954953481793,excluded,,2,3
-4161704169441331628,excluded,1.0,2,2
-4164508719774231343,eczema_dermatitis,1.0,3,3
-416553236304446649,excluded,0.67,2,3
-4170682922251092655,excluded,,2,2
-4178389913218520549,excluded,,,2
-4187829362711106147,excluded,,2,3
-4188278916483896062,eczema_dermatitis,1.0,1,1
-4189733889619361017,eczema_dermatitis,0.78,3,2
-4192072451035935487,excluded,,,3
-4196980931732398666,excluded,1.0,4,3
-4200997337279077480,excluded,,3,3
-4201087215091907267,excluded,,,3
-4201661673243948035,eczema_dermatitis,1.0,3,3
-4201974541515122921,excluded,1.0,4,5
-4206461112425022538,excluded,,,2
-4208839889358323211,excluded,1.0,2,2
-4211176024314282089,excluded,0.54,4,5
-4220030543036090110,excluded,0.33,2,3
-4221594671814840793,excluded,,2,2
-4224434040130136903,excluded,,3,2
-4226972176242222430,excluded,,3,3
-422726985230604591,excluded,1.0,3,3
-4232149005208991014,acne,1.0,4,4
-4234983209127626840,excluded,,6,8
-4235105348901752026,excluded,1.0,2,2
-4244106461387893359,excluded,,4,3
-4249930686765450405,excluded,,5,5
-4250631280032562986,excluded,0.66,4,2
-4254925982535474930,excluded,0.5,2,2
-4255320473522429950,excluded,,6,7
-4263685899356633016,excluded,,,1
-4264174387289840341,excluded,,4,3
-4264664857968050967,excluded,0.59,3,2
-4265169335480966329,excluded,0.67,2,3
-4266146846018467995,normal_other,0.55,4,3
-4268314315114826799,excluded,0.41,2,1
-4270224240569365042,excluded,,1,3
-4271485527478856255,excluded,0.67,4,3
-4281140831224790705,normal_other,0.59,2,3
-4283115380233328517,excluded,,,8
-4286082051204058372,eczema_dermatitis,0.66,,5
-4291115963826712170,excluded,0.5,3,2
-4291551911510839745,normal_other,0.67,1,2
-429900437128686382,eczema_dermatitis,1.0,3,3
-4299406694606216536,eczema_dermatitis,0.8,2,2
-4300304561697884144,normal_other,0.67,1,2
-4306378996274164926,eczema_dermatitis,1.0,1,1
-4310644685576165837,excluded,1.0,2,4
-4311550923111115034,excluded,,5,6
-4311629171295854465,excluded,,2,3
-4315380494523344416,eczema_dermatitis,1.0,,5
-43223042053731181,excluded,,3,3
-4323073538068791362,normal_other,0.42,2,1
-43247409637295721,eczema_dermatitis,0.78,3,4
-4327458298133129989,excluded,,2,1
-4328173409605473786,normal_other,0.67,2,2
-4330087889722072975,excluded,1.0,5,3
-4333533543825496331,normal_other,0.48,,5
-4333750609008930141,eczema_dermatitis,1.0,3,2
-4334417476645064484,excluded,,3,4
-4336236462057125330,excluded,,3,1
-4342613270791301347,excluded,,4,2
-4343637859112366862,excluded,1.0,4,4
-434417342240836444,excluded,,,4
-4345173886117349188,excluded,1.0,1,2
-4347462665711716883,excluded,0.5,4,4
-4352011919592481585,eczema_dermatitis,1.0,3,2
-4354725697473998962,excluded,,,3
-4365582927344192621,excluded,,3,4
-4370371534431763914,excluded,,,1
-4371012133636486404,normal_other,0.67,2,2
-4374212557647415088,excluded,0.5,3,1
-437659107888119775,excluded,,,1
-4382398181324479533,excluded,,3,2
-4387143312637861149,excluded,0.5,4,3
-439210306698479661,excluded,,3,3
-439328432083694595,excluded,,3,1
-4396264809665209664,excluded,,2,1
-4397657140639303942,normal_other,0.73,4,6
-4398363943957964326,eczema_dermatitis,1.0,2,1
-4402036212949312882,excluded,,2,3
-4402369991518523458,excluded,,2,3
-4402576625178936977,excluded,0.41,1,1
-4407187478309840300,normal_other,0.55,3,2
-4416174278898190274,normal_other,0.66,3,2
-4417227845828733613,excluded,0.65,2,2
-4429934516902201548,normal_other,0.78,2,3
-4431770162723804157,excluded,,4,5
-4431962068713879149,excluded,1.0,3,3
-4432555068882539978,excluded,,3,2
-4433412072604071062,eczema_dermatitis,1.0,4,4
-4434635917177354276,excluded,0.73,2,4
-4436190302260486173,excluded,0.78,5,5
-4436695906325697163,excluded,,5,3
-4436877722004252234,excluded,0.66,,4
-4441656804005331141,excluded,,2,2
-4446781597684126903,eczema_dermatitis,1.0,5,5
-444708930325116325,excluded,,3,3
-4449371675351546720,excluded,,,2
-4455019614605239753,excluded,,4,4
-4459173836602163235,excluded,0.66,1,1
-4460944419727821614,eczema_dermatitis,0.99,3,2
-4461661482364232184,excluded,0.5,5,6
-4462019083055293639,excluded,0.67,4,3
-4468098387570779759,normal_other,1.0,1,2
-4468688474789172461,eczema_dermatitis,0.66,2,2
-4474252024204181907,eczema_dermatitis,0.73,5,3
-4474708166634804620,excluded,,5,5
-4495950094362909099,normal_other,0.67,2,2
-4501267961056495678,excluded,1.0,5,6
-4503897366378370087,excluded,1.0,3,4
-4504942680169931051,excluded,,2,3
-4512864555480054733,excluded,0.66,3,2
-4516438110978983282,normal_other,1.0,2,2
-4517821408333233256,normal_other,0.55,1,4
-4523039886763764331,excluded,,3,2
-4523074077849670027,eczema_dermatitis,0.67,2,4
-452822633947944015,normal_other,0.55,3,2
-45293678358413706,excluded,,,1
-4534768867628142547,eczema_dermatitis,0.99,3,2
-4535125822193885469,acne,0.67,2,3
-4536036201686482819,excluded,0.82,3,3
-4543813218615025512,eczema_dermatitis,1.0,2,3
-4547074438294304736,excluded,,2,2
-4550572441880047943,excluded,,4,2
-4550841138827406706,eczema_dermatitis,0.78,3,3
-4563418844965420338,excluded,0.33,4,4
-4564799711954755893,excluded,,2,1
-4565422397294113875,excluded,0.33,4,6
-4569001064369539898,excluded,1.0,3,3
-4571376161914424882,excluded,,,4
-4572573838215927835,eczema_dermatitis,0.99,2,2
-4573383150487721045,eczema_dermatitis,0.55,2,3
-4574517859891367319,eczema_dermatitis,0.55,3,4
-457463002444974882,eczema_dermatitis,0.99,2,3
-4574939333915634277,excluded,,2,4
-4577983223895221996,eczema_dermatitis,0.66,2,4
-4579619202516187588,excluded,0.41,3,2
-4584149572849454443,normal_other,1.0,3,2
-4586974578027865070,excluded,,4,3
-4588998586738992246,excluded,0.66,3,3
-4591973246540178243,eczema_dermatitis,1.0,2,2
-4593099640126869162,eczema_dermatitis,1.0,3,5
-460018212599407689,excluded,0.99,4,6
-4601895891432161917,excluded,,,1
-4603590259708776060,eczema_dermatitis,1.0,5,5
-4605740019003216427,eczema_dermatitis,1.0,3,2
-4606009793409551660,normal_other,1.0,3,2
-4638485740571596556,excluded,,2,2
-4644516716280136173,excluded,0.66,2,2
-4647440960442520946,excluded,0.99,2,4
-4647520370275766345,excluded,,3,4
-4647874069674507112,excluded,,1,2
-4653273001465848884,normal_other,1.0,4,5
-4654655624268817584,excluded,,3,4
-4657487335623445205,normal_other,0.55,,2
-4662194556963063742,eczema_dermatitis,1.0,3,4
-466247411674597810,eczema_dermatitis,1.0,3,2
-467404898668042849,normal_other,0.66,2,2
-4676367052308783677,eczema_dermatitis,0.81,3,4
-4676568845416213475,excluded,0.33,5,5
-4678143702797149996,excluded,,6,7
-4680035242121105254,eczema_dermatitis,1.0,2,2
-4680173445753225482,excluded,0.5,5,7
-4681186898904271014,acne,1.0,2,3
-4681339323548763953,excluded,,,4
-4682768203306719254,excluded,,2,2
-4685606462569370287,excluded,0.67,3,4
-4689058236227696598,excluded,,2,1
-4692365024753660312,excluded,,6,4
-4694867217250934182,excluded,,3,3
-4695767486983535562,acne,1.0,3,2
-4696067359335613302,normal_other,1.0,1,2
-4698385466768298227,excluded,1.0,2,3
-4701177369365447845,excluded,1.0,4,2
-4702418718983161948,excluded,,,3
-4703714705982996027,eczema_dermatitis,0.55,4,7
-4706983603646247130,excluded,,2,3
-4709766520417447153,normal_other,1.0,5,6
-4713881404287211866,excluded,1.0,2,1
-471440034184389209,excluded,0.5,4,4
-4715461599623693127,excluded,0.58,1,3
-4716082422192681275,eczema_dermatitis,1.0,,2
-4717504910132833139,excluded,,,5
-4717786449227921352,eczema_dermatitis,1.0,3,5
-4721978287978346730,excluded,1.0,3,1
-4730197130348721884,eczema_dermatitis,1.0,1,2
-4730786027167053793,excluded,,,4
-4744299817383430367,acne,1.0,3,2
-4745465191557253889,acne,0.67,3,3
-474577491402786930,excluded,0.78,2,3
-4749402405697711787,excluded,0.43,3,1
-4752985713674166359,excluded,1.0,2,2
-4757279327143309522,excluded,,2,1
-4759439852198001263,excluded,,,2
-4763089580946723185,excluded,,5,4
-4763903917147615136,excluded,,3,2
-4765249558880715918,excluded,,,2
-4767504724286041742,eczema_dermatitis,1.0,2,2
-4767677297667076028,excluded,,3,1
-4771716930392112816,excluded,,2,3
-4775737555503338922,excluded,0.41,1,4
-477765228246330580,excluded,,4,4
-4790543234291323364,excluded,,5,4
-4798693645728087057,excluded,,2,2
-479916690694777966,eczema_dermatitis,0.59,2,3
-4802790114654552929,excluded,0.5,4,5
-4816190827733499113,normal_other,0.78,4,6
-4822715071143691421,eczema_dermatitis,0.73,3,3
-4829805836281363714,eczema_dermatitis,1.0,4,3
-4831485964127289243,excluded,,,3
-4834073178710050677,excluded,,2,2
-4835629016710326461,excluded,,2,1
-4839127732340249036,excluded,,2,2
-4853123665526106497,excluded,,2,1
-4858686207222330276,excluded,,,3
-4862971384549968870,eczema_dermatitis,0.67,3,4
-4863956147628945574,acne,0.57,3,4
-4864482132351583625,excluded,,2,3
-4868118836887989734,normal_other,0.55,,5
-4871463085330828436,normal_other,1.0,4,4
-4874476652250399562,excluded,,3,3
-4874880814616894074,excluded,1.0,5,5
-487636260640573838,excluded,,3,5
-487712836077160669,excluded,,3,4
-4880307647101444385,acne,0.67,4,6
-4880647203781624346,eczema_dermatitis,1.0,3,1
-4883746893100365431,excluded,,4,4
-488576905143143801,excluded,0.5,2,2
-4887066468139767481,normal_other,1.0,2,4
-4888752062408288970,eczema_dermatitis,0.52,1,4
-4891251457248539910,eczema_dermatitis,0.81,2,1
-4892774047319269882,redness_rosacea,0.78,3,2
-4892781362024578938,excluded,0.99,4,3
-4894758417206635276,excluded,,2,3
-4897911512164462481,excluded,0.71,2,2
-4898178120650529170,eczema_dermatitis,1.0,2,1
-4898458342044231599,excluded,1.0,3,1
-4902618409477931097,eczema_dermatitis,0.59,2,2
-4909724744026259530,normal_other,0.67,5,2
-4914400431640174381,excluded,0.5,2,1
-4917683400271006276,excluded,0.66,5,6
-4918166330431532234,excluded,0.67,4,4
-4918969743870820961,excluded,,2,2
-4919236906887534663,excluded,,,3
-4919518317184666095,eczema_dermatitis,1.0,3,2
-4920504467922873434,excluded,0.82,2,2
-4920845836095238254,excluded,,,1
-4925555660070404933,excluded,,4,2
-4927206116503203193,excluded,,,2
-4931676201516783432,eczema_dermatitis,1.0,3,2
-4932031018373625071,excluded,,,2
-4940793707750830397,normal_other,0.99,5,3
-4941904797314668780,eczema_dermatitis,0.67,3,2
-4945075333219091309,excluded,,4,6
-4949082668402355149,excluded,,2,3
-4949778095225877346,eczema_dermatitis,0.55,2,2
-4951841502471112439,excluded,,3,2
-4952905180870908993,redness_rosacea,0.55,3,3
-495867650501344143,eczema_dermatitis,0.66,3,2
-4961646511590674396,normal_other,1.0,3,3
-4968362600766742214,excluded,,3,3
-4975508718297831720,excluded,,4,2
-4985797465344756511,normal_other,0.67,2,2
-4988991852107416899,normal_other,1.0,3,3
-4989311768978194926,excluded,,4,4
-4998326269769441287,excluded,0.5,2,3
-4998793022219744312,excluded,,2,3
-4999176576050035555,excluded,,3,2
-4999461920169777167,excluded,0.82,,3
-5006397032245534570,redness_rosacea,1.0,3,2
-5007684126286758763,eczema_dermatitis,0.78,3,3
-500789885194928068,normal_other,1.0,3,2
-5009001333591287857,excluded,,3,2
-5023871482662842756,excluded,0.59,4,7
-5025152103388912084,excluded,0.99,3,1
-5037214955734403674,eczema_dermatitis,1.0,2,1
-5044676517013712087,eczema_dermatitis,0.99,3,4
-5045653350822644000,excluded,0.5,5,6
-5048121674534375075,normal_other,0.67,4,2
-5049807704499166019,excluded,0.67,5,6
-5053194263184459014,excluded,,2,3
-5053547823727699517,eczema_dermatitis,0.87,2,2
-5058842874926432041,eczema_dermatitis,1.0,2,1
-5065912576772587895,excluded,1.0,2,4
-5069017215501302808,excluded,,3,2
-5070673996366218511,excluded,,3,4
-5071157440606890983,acne,0.55,2,2
-507132847849178200,excluded,,4,2
-507275127107321846,eczema_dermatitis,1.0,4,6
-5073588002886839974,excluded,,3,1
-5078149498519407868,normal_other,0.81,2,1
-5082848560372092470,excluded,,3,3
-5083690954535815004,excluded,,3,5
-5091992507627486589,redness_rosacea,0.67,2,1
-5094266838669858826,excluded,0.6,4,5
-5100495383228340745,excluded,1.0,2,2
-5104027321610144744,excluded,,5,7
-5105345381103058165,excluded,0.99,2,3
-5105487467995336377,eczema_dermatitis,1.0,4,3
-5105594017588902648,excluded,,3,3
-510623531308488886,excluded,0.99,3,5
-5106794152421526192,acne,1.0,2,3
-5110480118605969654,eczema_dermatitis,0.69,4,6
-5111820695275565743,excluded,,3,2
-5113427845298536558,eczema_dermatitis,1.0,2,1
-5116461847734141400,eczema_dermatitis,1.0,2,2
-5121461677194451584,excluded,,,3
-5122446773279036270,eczema_dermatitis,0.78,2,3
-5124037218513152470,excluded,,4,7
-5124788669621739310,excluded,0.5,4,5
-5133268150886787662,eczema_dermatitis,1.0,3,3
-5139442979899798140,excluded,0.78,4,3
-5139970713325141484,excluded,0.33,5,7
-5140402239410701320,normal_other,0.85,5,6
-5141362701497021632,eczema_dermatitis,0.82,2,2
-5156441036700827606,excluded,0.82,3,4
-5156504397670032550,eczema_dermatitis,0.57,3,4
-5157205402804945347,excluded,1.0,1,2
-5172588623366516741,excluded,,2,2
-5178534436716211188,excluded,1.0,3,4
-5180174733769372566,excluded,1.0,1,1
-5181045882321259208,excluded,1.0,,5
-5181467906878483990,excluded,0.66,3,2
-518188847648273856,excluded,,4,4
-5185278791319688286,excluded,,,1
-5187384233613807113,excluded,,6,9
-5188110530184167935,eczema_dermatitis,0.67,3,2
-5191557102242109501,excluded,,2,2
-5192928078818607178,excluded,1.0,3,2
-519369051835761708,excluded,,2,2
-5197414973622050223,excluded,0.5,3,3
-5200291437205241079,eczema_dermatitis,1.0,4,4
-5202092507052851216,excluded,,2,2
-5212055155820345663,normal_other,1.0,5,5
-521328877742525221,excluded,1.0,4,4
-5217766967135069601,excluded,,1,2
-5220118899235625981,excluded,,3,2
-5220505807391228638,excluded,,,4
-5228685088727620723,excluded,,1,1
-5231466111431716002,excluded,,3,3
-5233797613455450811,excluded,,4,4
-5242570046602320422,normal_other,1.0,2,2
-5243473738898827493,eczema_dermatitis,1.0,3,3
-5244772256282491166,excluded,0.84,3,2
-5246245066034694334,normal_other,0.66,4,3
-525038500404864710,eczema_dermatitis,1.0,1,1
-5252017219324881874,excluded,,,3
-5256429932634187395,eczema_dermatitis,1.0,5,6
-5256640784485068321,normal_other,0.55,2,3
-5257206505787653259,normal_other,0.67,2,3
-5259170744103459236,excluded,0.62,4,4
-5259460570876140361,eczema_dermatitis,1.0,,2
-5262973559808529720,excluded,1.0,5,3
-5266894220476412069,excluded,0.67,2,3
-527175009317631950,redness_rosacea,1.0,1,2
-5272241257584231004,excluded,0.45,2,2
-52734104912276181,excluded,0.67,4,4
-5290023226334382045,excluded,1.0,3,3
-5290708371590502171,excluded,,2,3
-5292831202834374226,excluded,,5,8
-5293222191274931800,excluded,,6,7
-5294890710151991614,excluded,,3,4
-5296317374517673383,excluded,0.73,2,2
-5296431265976524306,eczema_dermatitis,0.73,3,4
-5297033553821408234,excluded,0.59,2,1
-5299077080131243213,normal_other,1.0,4,2
-5299338011667275243,excluded,0.5,5,6
-5302092533509052010,excluded,,,1
-5302166975595437386,normal_other,0.66,3,3
-5304767659040347157,eczema_dermatitis,0.86,2,4
-5306092307392700103,excluded,,4,3
-5311088105871258453,eczema_dermatitis,0.55,1,3
-5314922026795305282,eczema_dermatitis,0.67,1,1
-5316811706450530189,excluded,1.0,4,3
-5323889242213741133,excluded,,3,2
-5325188904352360195,excluded,0.55,3,2
-5325265352903772815,eczema_dermatitis,1.0,4,4
-5333701821708746677,excluded,1.0,2,4
-534112584840590399,eczema_dermatitis,1.0,6,8
-5348957027406357260,excluded,,,3
-5350220404862050225,excluded,1.0,5,7
-5356942280110434868,excluded,0.55,1,2
-5359781567713640480,normal_other,0.7,2,2
-5360965906725457268,normal_other,0.82,3,2
-5361480214230391450,excluded,,,8
-5367503904358722955,excluded,1.0,2,2
-5369889220924009926,excluded,,,5
-5376888133703495985,excluded,0.46,4,3
-5378921138821203077,excluded,,,1
-5379955379946634889,excluded,,4,3
-5380195615141921084,excluded,,4,5
-538169901288296224,excluded,,4,2
-5382881724534486828,eczema_dermatitis,0.86,4,6
-5386001319667999365,eczema_dermatitis,0.92,2,1
-5386109097423705653,excluded,,,2
-5386414851579963851,excluded,,,3
-5386936681887392318,excluded,0.4,5,7
-5390403732124632941,eczema_dermatitis,0.78,2,1
-5390603471066349972,normal_other,1.0,2,4
-5393258047036880335,excluded,,3,2
-5394780874354078799,excluded,,,3
-5396974557295670714,excluded,,2,3
-5397723968966563046,excluded,,3,2
-5409557810550060682,eczema_dermatitis,1.0,2,2
-5423357172506693425,redness_rosacea,0.66,3,4
-5424985950276316702,normal_other,1.0,3,3
-5429445665162457958,excluded,0.33,,4
-5434422403262087350,excluded,1.0,2,3
-5436299448948641231,acne,1.0,3,3
-5439131303742560915,excluded,0.67,4,2
-5439468600933610883,excluded,,6,6
-5440829913284516904,excluded,1.0,3,4
-5445635512043056192,eczema_dermatitis,0.73,3,3
-5445989946223101316,excluded,,2,2
-5448416032632335172,excluded,,,5
-5448632209165507782,eczema_dermatitis,0.82,3,2
-5449338899094941889,excluded,,3,3
-5449466016955373228,eczema_dermatitis,0.61,2,1
-545007797193276281,normal_other,0.78,2,1
-5453455096954781425,excluded,,4,2
-5460662618660534242,eczema_dermatitis,0.78,2,3
-5473199374870170700,excluded,1.0,3,3
-5473654302560810311,eczema_dermatitis,1.0,6,9
-547765121392438309,excluded,,4,3
-5482041191223063337,acne,1.0,2,2
-5498256249515702084,excluded,,,3
-5499150212420647396,eczema_dermatitis,0.5,5,9
-5502018945757701383,excluded,,4,2
-550443729212449288,excluded,0.41,5,2
-5506146319062285810,excluded,,4,6
-5509136872198304738,excluded,,3,3
-5514159851754006416,eczema_dermatitis,1.0,2,3
-551419803257921553,normal_other,0.55,3,3
-5515207040731448326,excluded,0.7,5,7
-5524949942134680196,acne,1.0,4,1
-5526745907203879535,eczema_dermatitis,1.0,6,7
-5530479155432265675,excluded,,3,5
-5532908650725226296,excluded,,5,8
-5536464459584180926,excluded,1.0,3,3
-5544919736541720663,eczema_dermatitis,1.0,4,2
-55453462805346412,eczema_dermatitis,0.89,5,9
-5551577784945548161,eczema_dermatitis,1.0,5,7
-5554498179567141518,excluded,1.0,3,2
-5557839598935606818,normal_other,0.66,4,6
-5575666451048067614,eczema_dermatitis,1.0,,2
-5585920928490955201,eczema_dermatitis,1.0,1,1
-5586973041467401195,eczema_dermatitis,1.0,3,2
-5588141547511645388,excluded,,2,2
-5590702956804148448,eczema_dermatitis,0.67,2,2
-5596287077462920380,excluded,,2,4
-5599181081330576167,excluded,,2,2
-560154279785685631,excluded,,6,8
-5602106870720238596,excluded,,5,4
-560232169955476365,eczema_dermatitis,0.57,3,2
-561049167009524742,excluded,0.66,2,3
-5612858179173729385,excluded,1.0,3,1
-5612980809271172614,excluded,,3,2
-561381570252384995,excluded,1.0,1,2
-5617567426295287720,excluded,0.5,3,2
-5617796220633958728,excluded,,,4
-5618669967128742094,excluded,1.0,2,5
-5622592879226801910,eczema_dermatitis,0.55,4,5
-5629003537657501292,eczema_dermatitis,0.67,3,3
-5629166115025022926,excluded,,,4
-5631560185825902852,excluded,,,2
-5633718424385043835,excluded,0.7,3,4
-5634571773568626445,excluded,0.48,2,1
-5635869929676541461,excluded,,4,4
-5637749750678353131,excluded,,4,5
-5639470651873819442,normal_other,0.66,3,3
-5641194784721271250,eczema_dermatitis,1.0,2,2
-5642777666164872473,eczema_dermatitis,1.0,3,4
-5647246080136552118,excluded,,,3
-5650919362125981992,eczema_dermatitis,1.0,4,2
-5654015189620918321,excluded,0.78,2,2
-5657663514681402970,excluded,,2,2
-5659300199702250098,excluded,1.0,1,1
-5663108405882818782,excluded,0.51,3,2
-5665709590832397592,excluded,,,4
-5669428885075492527,excluded,0.66,4,6
-5674831085444315940,normal_other,1.0,4,4
-5675058813348276029,acne,1.0,3,1
-5675789703750169252,excluded,,5,7
-568039900165942102,eczema_dermatitis,0.67,4,4
-568386322973258434,normal_other,1.0,3,1
-5684194461307118048,excluded,,2,2
-5685933102944414880,excluded,,3,2
-5686581250984176560,excluded,1.0,2,2
-5687291922151712085,excluded,0.82,2,1
-5688515675906851592,eczema_dermatitis,0.66,2,3
-5694751411673295465,excluded,0.78,3,2
-5696854985939662088,excluded,,3,4
-5699778175892675344,eczema_dermatitis,1.0,2,4
-5703109461061093604,excluded,,2,1
-570614614357086041,excluded,,,2
-5713232935138218859,excluded,,4,3
-5714067641256337982,excluded,1.0,4,4
-5715460582418154283,normal_other,0.67,3,2
-5715603038267691444,normal_other,0.66,4,4
-5717029763094567826,excluded,0.41,,2
-5720412895683264196,excluded,1.0,3,4
-5720471259731144094,excluded,0.78,1,1
-5724889583050499613,excluded,,,2
-5725085268238981535,excluded,1.0,5,8
-572517059882935189,eczema_dermatitis,1.0,3,4
-5730413991473089512,excluded,,2,5
-5732857245539407305,eczema_dermatitis,0.7,5,8
-5732864086142150224,excluded,,5,6
-574282982192375637,excluded,,4,8
-5748233426824306075,excluded,,3,2
-5759983830642479138,normal_other,0.5,4,5
-5760060682904003161,excluded,,3,3
-5764542088182767381,acne,1.0,3,3
-577186913707847828,normal_other,1.0,4,2
-5772910512699358522,excluded,0.33,6,7
-5773542380724506264,excluded,,3,2
-5775002931058558833,excluded,,5,2
-5775581772635321689,excluded,0.82,2,2
-5776227265480801712,excluded,,2,1
-5781127683500413767,eczema_dermatitis,1.0,3,1
-5786650096997654560,eczema_dermatitis,1.0,,3
-5786766637950420055,eczema_dermatitis,1.0,3,2
-5789923592774240858,excluded,1.0,3,4
-5795848744377372288,eczema_dermatitis,0.81,3,3
-5796178561611887966,excluded,,1,1
-5799469929402460997,excluded,0.82,3,4
-580190445123166798,excluded,,5,6
-5807277816535123985,excluded,,5,4
-5811481944058090754,excluded,0.67,2,2
-5811538917682109074,excluded,0.41,3,3
-5813252082950821389,excluded,,5,7
-5813654328014320353,excluded,,,2
-5814436455039202532,excluded,,,3
-5823324601428832658,excluded,1.0,1,2
-5828576472890788274,eczema_dermatitis,1.0,2,3
-5830755717212226400,eczema_dermatitis,0.55,3,4
-5831953969475490038,eczema_dermatitis,1.0,2,3
-5834260533212723742,excluded,0.5,3,2
-5839100568591720751,eczema_dermatitis,1.0,3,2
-5839781483608728266,excluded,,5,5
-5849003007820672255,eczema_dermatitis,0.66,3,3
-5857930516640788508,excluded,,2,2
-5863256407851897110,eczema_dermatitis,1.0,4,4
-5863900854688661421,excluded,,,2
-5870484252477872901,normal_other,0.67,3,3
-587345641307337751,normal_other,0.55,2,3
-5875188777324193108,excluded,0.63,3,4
-5878473243646267604,excluded,1.0,6,9
-5883827712630904012,excluded,1.0,1,5
-588465280424283025,excluded,,4,4
-5885784853012441829,eczema_dermatitis,1.0,3,3
-5893913933691235221,excluded,,4,5
-5904103066101599199,excluded,,2,1
-5910697032618717676,excluded,,3,1
-5913922383533072974,acne,0.67,4,5
-59153319075421114,excluded,1.0,3,3
-5924591594983972385,excluded,,2,2
-5929266828166903949,eczema_dermatitis,0.66,3,1
-5933108989830616500,excluded,,4,2
-5944492305706296082,excluded,,3,3
-5946926520681878281,eczema_dermatitis,1.0,2,2
-5950615716792877384,eczema_dermatitis,0.78,2,2
-5950660837920099035,excluded,,2,2
-5964894580378839175,excluded,,3,2
-5974633419939636539,excluded,0.66,2,2
-5978835361858777551,excluded,,,3
-5983320270847607538,normal_other,1.0,3,4
-5985187582348783309,eczema_dermatitis,1.0,2,2
-6003166513555222439,eczema_dermatitis,0.55,,5
-6012562319822542066,eczema_dermatitis,0.5,1,1
-6013056380026903230,excluded,,2,2
-6017893524109100209,excluded,,3,1
-6020814934897747901,normal_other,0.71,4,6
-6022410617831971726,excluded,,4,2
-6022620135219018228,normal_other,0.66,3,2
-6038647333464964130,excluded,,4,4
-6039007012923042838,normal_other,1.0,2,3
-6040679108556222451,eczema_dermatitis,0.66,2,3
-6044941761735683839,excluded,,5,6
-6049050576669625141,eczema_dermatitis,1.0,5,5
-6050894907966529752,excluded,1.0,2,3
-6055120816136532536,excluded,,,4
-6056787988290380741,eczema_dermatitis,0.67,4,3
-6064153510688983636,excluded,,2,1
-6066792768909951493,excluded,,2,2
-60739077190616990,excluded,,3,5
-6075658913373637397,excluded,,4,2
-6078364514793033641,excluded,,5,7
-6078552801183548619,excluded,1.0,3,2
-6079599096718517393,eczema_dermatitis,1.0,4,3
-6081418115322795655,excluded,,2,3
-6082920407891630286,eczema_dermatitis,0.73,2,3
-6085536392441693048,excluded,,1,1
-6089339703853500268,excluded,,,3
-609151233309097249,excluded,,4,3
-6092181965198581939,excluded,,3,4
-60922912853395522,excluded,1.0,3,3
-6092382565384464835,excluded,,3,5
-609397163991077256,excluded,,4,3
-609705896297126023,excluded,,2,2
-6097440589630722621,eczema_dermatitis,0.82,1,1
-610262578311093958,excluded,,3,1
-6107847576493924285,excluded,0.5,5,6
-6108620396561569682,eczema_dermatitis,1.0,2,2
-6108837924079068093,excluded,,,4
-6110101408648949573,eczema_dermatitis,0.55,1,2
-611262731968854358,eczema_dermatitis,0.67,4,5
-6117124721485423545,excluded,,3,1
-6118687420139087611,eczema_dermatitis,1.0,5,3
-6119073655701836066,eczema_dermatitis,1.0,3,3
-6124289799481016838,normal_other,1.0,1,1
-6124634214855032539,excluded,0.74,3,3
-6126300786849773025,eczema_dermatitis,0.67,5,7
-6127435219858267063,eczema_dermatitis,0.55,3,4
-6127587302403316738,excluded,0.66,4,3
-612886595994726117,excluded,,2,1
-6137211126845994304,normal_other,0.78,3,2
-6141918826565370634,excluded,,,2
-6142155352076831737,normal_other,0.55,4,4
-6142533617454776343,excluded,1.0,2,2
-615063873326881402,excluded,0.66,3,3
-6151988793875838613,excluded,0.41,5,7
-6154783998085364223,excluded,,4,3
-6157871200329049293,excluded,,3,2
-6159081838523346961,normal_other,1.0,3,3
-6160910001139376345,excluded,,3,2
-6161162331612535164,eczema_dermatitis,0.99,1,3
-616219523257248189,excluded,,3,2
-6167391094061656671,excluded,0.5,2,3
-6169927711019727121,excluded,,1,1
-6172974054434578584,eczema_dermatitis,0.74,4,3
-6176647847126893811,excluded,1.0,1,2
-6177496211851174174,excluded,0.59,5,6
-6190200459445824751,normal_other,0.55,5,7
-6192376912121825255,excluded,0.33,2,2
-6195806766943101605,excluded,1.0,3,5
-6196783574888812259,excluded,,3,6
-6198311735040338064,excluded,0.55,2,1
-6198797786287096681,eczema_dermatitis,0.55,1,2
-6198933274642033566,excluded,,,2
-6200583977661299719,eczema_dermatitis,0.84,2,2
-6201768872255589692,excluded,,2,2
-620363894904676897,excluded,0.5,4,1
-62046422104397907,excluded,,,2
-6207499366622688812,excluded,,,2
-6207946104873367964,excluded,,4,4
-6212289614446036131,eczema_dermatitis,0.58,2,5
-6212634883634676939,excluded,,,2
-6214433474371599314,excluded,,2,3
-6228624570959443618,acne,0.67,2,5
-6229433733209363727,normal_other,0.55,2,2
-6234001892443453803,normal_other,1.0,2,2
-6241126153562981131,excluded,0.66,4,3
-6245990737781985822,excluded,,2,2
-6246888923989712302,excluded,0.55,2,2
-6251080845192540026,excluded,,,2
-6254117837505939078,excluded,,5,6
-6257535915413713019,eczema_dermatitis,0.67,2,1
-625835598370286992,normal_other,0.6,3,3
-625924905419597951,eczema_dermatitis,1.0,3,2
-6263852690539202298,excluded,,3,2
-6273240864397629725,eczema_dermatitis,1.0,2,2
-6283610000286329144,excluded,1.0,4,3
-628494778994921306,excluded,,,4
-6287318435670851038,excluded,1.0,4,3
-628873085072509624,normal_other,0.78,4,5
-6289614905936431714,eczema_dermatitis,0.58,2,3
-6289833455905228029,eczema_dermatitis,0.67,3,3
-629575726793199555,eczema_dermatitis,1.0,3,2
-6297664799169832787,eczema_dermatitis,0.67,3,3
-6298741035410938228,normal_other,0.59,1,1
-6305829044964986215,eczema_dermatitis,0.55,,2
-6320794871398137141,excluded,1.0,1,1
-6326437324680204662,normal_other,0.67,,3
-6329163932955572087,excluded,,3,5
-6335527817443031200,excluded,0.73,2,4
-6335901325410065344,normal_other,0.82,2,5
-6336052726086244755,excluded,1.0,3,3
-6336968905726171400,excluded,,6,10
-6339271426910265089,eczema_dermatitis,0.55,4,7
-6341693126347821149,excluded,,3,1
-6343783873341382806,eczema_dermatitis,1.0,4,3
-6347352626450235282,excluded,,3,1
-635331666998537059,excluded,,3,2
-6357671976519777062,excluded,1.0,2,1
-6363548817206451456,excluded,,3,3
-6367742369859646290,excluded,,,3
-6373557826683572513,excluded,0.5,3,2
-6373621189824225947,excluded,1.0,3,3
-63753751533757188,acne,0.7,5,5
-6375765052595417188,eczema_dermatitis,1.0,5,5
-6379221091920914186,excluded,,4,3
-6386186782988466925,excluded,0.5,2,2
-6387360070446965833,normal_other,1.0,4,1
-6387971651752188617,acne,1.0,3,1
-6389094448756405288,excluded,,,3
-6389849460848982301,acne,0.67,2,4
-6393157521879923835,excluded,,4,4
-6397603483163477545,excluded,,5,8
-6400490417142716553,normal_other,1.0,2,3
-6405455091908039096,redness_rosacea,0.59,1,2
-6410481587765281395,eczema_dermatitis,0.73,2,2
-6413100458548426751,eczema_dermatitis,1.0,4,2
-6415511650285516007,excluded,0.59,3,4
-641885332706015562,excluded,,2,2
-6422878936218071499,excluded,,,3
-642335626870393371,normal_other,0.67,3,3
-6426560753902598659,acne,0.55,2,2
-6428053927743852697,eczema_dermatitis,1.0,4,2
-6434053464332008290,excluded,,1,3
-6436867158860886441,excluded,0.66,5,6
-6445954516415456798,eczema_dermatitis,1.0,3,2
-6449643016434347128,excluded,,,3
-6455453998349289750,eczema_dermatitis,1.0,2,3
-6459276838597422812,normal_other,1.0,,3
-6459454177414923973,excluded,0.99,5,7
-6459652285388489464,normal_other,1.0,,2
-6469646347519714484,excluded,,3,4
-6470193107247201070,excluded,0.4,3,5
-6473837922078380549,excluded,0.33,3,5
-6475391666688358422,excluded,0.68,4,5
-647678337844118583,normal_other,0.78,3,2
-6477152086839235973,eczema_dermatitis,0.6,2,1
-6478295772214874640,excluded,0.5,5,6
-6483062780868727655,excluded,1.0,4,2
-6483532489627507928,normal_other,1.0,4,6
-6484363516740850665,excluded,,,2
-6485920953755598815,excluded,,2,2
-6485947403303154678,excluded,0.55,2,3
-6485961062381271236,excluded,0.82,3,2
-6486110715424012797,excluded,,4,3
-648664783640315605,excluded,,5,6
-6490030995434084499,excluded,,1,2
-6492403299230207586,excluded,0.67,3,4
-6493220069922903643,excluded,,5,6
-6494389280722681480,excluded,,,4
-6498222005146708147,excluded,,4,3
-6500687472185879574,eczema_dermatitis,0.82,2,4
-6502805341045988260,excluded,0.66,4,4
-6503880945510334355,normal_other,0.78,3,3
-6508049374013203288,excluded,,3,3
-6510066187134865476,excluded,,3,1
-6512147186058965264,eczema_dermatitis,0.55,1,3
-6514044049188111522,excluded,,4,3
-6514682098871455668,eczema_dermatitis,0.86,3,2
-6526281835697499699,normal_other,1.0,3,2
-6528630824527555826,excluded,0.67,4,5
-6529098219030905694,excluded,,6,8
-6531452483260873921,normal_other,1.0,3,3
-6533012930965645948,excluded,,2,3
-6538668501625146848,excluded,,4,5
-6538757718308160129,excluded,0.99,2,1
-653960623298944365,excluded,,6,7
-6543892098140859869,excluded,,3,3
-6549975853582307930,excluded,0.82,2,3
-6550204300657964426,eczema_dermatitis,1.0,1,2
-6553358159136250290,eczema_dermatitis,0.78,2,1
-6554787190715943588,excluded,0.78,2,2
-6555047736356683148,excluded,,4,5
-6559249874452629338,eczema_dermatitis,1.0,2,1
-6560973568191373819,excluded,0.55,2,1
-6561484724818123004,eczema_dermatitis,1.0,2,3
-6563805086856303115,excluded,0.99,2,3
-6564211896517536747,excluded,,4,2
-6567195502359681708,excluded,0.5,5,6
-6570374421183223936,excluded,0.5,3,1
-6571349538020563801,excluded,1.0,2,4
-6572221110477282046,excluded,1.0,2,2
-6572623590789008562,eczema_dermatitis,0.78,3,4
-6575847401045492477,excluded,0.78,2,2
-6576584817167938517,excluded,,,3
-6581805231859935847,eczema_dermatitis,1.0,4,5
-6583417470281864105,excluded,1.0,3,3
-6584263436201299676,excluded,0.82,2,2
-658516601286816384,excluded,,,5
-6590463591976682777,excluded,1.0,2,2
-659210735462465080,excluded,,,3
-6597839206640248226,eczema_dermatitis,0.91,4,7
-6599288593594353085,excluded,0.78,2,4
-6599368970284364689,excluded,,,3
-6607397208503875889,excluded,,,3
-6610607876326151757,excluded,,2,4
-661449681452416010,excluded,,4,4
-6619181060067873350,excluded,,3,1
-6628274998444083114,excluded,,,1
-6629624904157500940,excluded,0.55,3,2
-6636023414037584085,excluded,0.5,4,3
-664046763173327158,excluded,,,3
-6650825212923919459,excluded,,3,3
-6652789889835035446,normal_other,1.0,,3
-665925579901995648,normal_other,1.0,2,4
-6662401739840675328,excluded,,2,1
-6665246273484559909,excluded,,,1
-6668568472132471501,excluded,,,5
-6669602917380288318,normal_other,0.66,2,2
-6672325082601428190,excluded,,4,4
-6675501914491508998,excluded,,,2
-6680963814538219752,excluded,0.55,2,2
-6688159904599548249,excluded,1.0,3,2
-6688622400916552994,normal_other,0.55,2,4
-6690570667224058361,excluded,1.0,6,7
-6697488905255684793,excluded,0.5,2,2
-6706328135925294711,eczema_dermatitis,0.67,2,3
-6708579822656218361,excluded,,3,2
-6715006302962078444,eczema_dermatitis,0.73,3,2
-6716756186843427010,excluded,,3,4
-6717244535056437873,eczema_dermatitis,0.59,,3
-6720429793738616392,excluded,,2,2
-6720849438880754673,eczema_dermatitis,0.57,2,2
-6730981266210803106,normal_other,0.67,4,6
-6732063356501658741,excluded,,3,4
-6732935876735691152,excluded,,6,8
-6734422466158182964,eczema_dermatitis,1.0,2,
-6736483689597519081,excluded,,,3
-674201552666111761,eczema_dermatitis,1.0,4,3
-6742248453231823310,excluded,,3,2
-6747757816765653244,eczema_dermatitis,1.0,,2
-6755421689279015845,normal_other,1.0,2,3
-6758139034536173944,excluded,,,4
-675814773918948603,eczema_dermatitis,0.57,3,4
-6759195629084095044,excluded,0.78,1,4
-675982353361383743,excluded,1.0,2,1
-6766127603332781164,excluded,1.0,,4
-6768039405201694865,eczema_dermatitis,0.99,3,4
-6770331674662128223,excluded,,4,2
-6771108735700949863,excluded,1.0,,5
-6771731734881483762,excluded,,,1
-6772369724422737325,normal_other,1.0,1,1
-6774500748419127436,excluded,0.55,3,3
-6775132432553159541,eczema_dermatitis,0.79,3,3
-6775873808112170724,acne,0.6,3,2
-6776518044035331491,eczema_dermatitis,1.0,3,2
-6776940077739990895,excluded,0.78,3,5
-67819177160008715,excluded,0.75,3,2
-6781948527342850071,eczema_dermatitis,1.0,3,5
-6782660201862865399,excluded,,3,2
-6786920411352035207,eczema_dermatitis,0.66,2,2
-6797572867783147052,excluded,0.78,4,
-6801411923252830705,excluded,,5,7
-6803446435856367749,excluded,,,2
-6810148049730008082,excluded,,,1
-6810169581887533982,excluded,,2,2
-6811189384503856103,eczema_dermatitis,0.74,5,6
-6825636979443138102,excluded,,3,1
-6825931676608812283,eczema_dermatitis,0.66,3,4
-6831862062479699975,excluded,,4,5
-683808336710883373,excluded,,,2
-6840856078700627706,excluded,0.5,5,6
-6849808363798498126,excluded,,3,3
-6853576789940445306,excluded,,,3
-6859630624862853511,excluded,,,5
-6862878180639829879,normal_other,0.55,1,3
-6870872571760343959,excluded,1.0,1,3
-6874586859918763235,excluded,,4,3
-6878322799103518353,excluded,,3,5
-687885318753654744,excluded,,3,3
-6882671634270429823,eczema_dermatitis,0.55,3,3
-6889586106738432811,excluded,1.0,3,5
-6892134106113245039,eczema_dermatitis,0.66,1,3
-689415616669370073,excluded,,2,2
-689454616923919051,redness_rosacea,1.0,2,2
-6894590176646136516,excluded,,4,5
-6900016861723693326,eczema_dermatitis,1.0,,2
-6903160896710638127,normal_other,1.0,4,4
-6907623372723533830,excluded,1.0,2,1
-6914044526748054516,excluded,,,1
-691637008285254955,excluded,0.52,3,4
-6921609105921918288,excluded,,3,3
-6922602187232971164,eczema_dermatitis,0.55,3,2
-6925001012755162781,excluded,,,2
-6925740096732923435,normal_other,0.55,4,3
-6927293007927088556,excluded,0.66,4,3
-6927700682434279347,excluded,,4,5
-6942748361873582458,normal_other,1.0,2,2
-6944302951685734951,excluded,0.5,2,1
-694718296081673949,excluded,0.78,5,3
-6949936448954371336,excluded,,3,2
-6957259172476906779,normal_other,1.0,3,4
-6964768767470145301,excluded,,2,2
-6965537796166785189,excluded,1.0,2,2
-6968216297125826121,excluded,,4,4
-6969050153229908945,eczema_dermatitis,0.67,4,7
-6969775773046115802,excluded,,5,6
-6969933999634072117,eczema_dermatitis,1.0,1,3
-6970140942350326448,excluded,,,3
-6973089584002951809,excluded,,3,2
-6975846370192314261,excluded,1.0,4,2
-6980590649360403084,excluded,0.5,4,5
-6987416679195200255,excluded,,3,1
-6987729819352868714,excluded,0.33,2,3
-698819924284111852,excluded,,,2
-6990753820375520856,excluded,0.67,2,2
-6992092977087772352,excluded,,2,1
-7003259720517295550,excluded,0.33,4,3
-7013117196987726285,excluded,,,1
-7014916626922853190,normal_other,1.0,2,2
-702063769022380390,excluded,0.5,3,2
-7024102566855103420,excluded,,,3
-7030360920237166714,normal_other,0.82,2,3
-7034573503756761597,excluded,,4,2
-704259051908627792,excluded,0.66,4,4
-7047662354810167887,excluded,,2,2
-704918755156824855,excluded,0.66,2,2
-7054949893558793493,eczema_dermatitis,0.82,2,2
-7055506519877140223,excluded,,2,2
-7057473376820741335,excluded,,3,2
-7061003704301409540,excluded,0.78,1,2
-7062492513027994638,excluded,,,2
-706613896610158785,redness_rosacea,0.67,1,2
-7066339565627881802,excluded,,,
-7073823287783460780,excluded,1.0,4,2
-707950849867291642,eczema_dermatitis,0.66,3,2
-7084480475479421532,excluded,,,8
-7089197419404102224,excluded,,2,1
-7090021276954018675,excluded,0.5,4,5
-7091494320557837584,excluded,,5,7
-7098783168871569038,excluded,1.0,2,3
-7099821209555498751,excluded,,2,2
-7103736510108129166,excluded,,2,2
-7105941887546454236,excluded,1.0,3,5
-7107358041068085615,eczema_dermatitis,0.82,2,2
-7110334037625264755,eczema_dermatitis,1.0,3,3
-7110948489213075454,excluded,,3,1
-7116624468080648540,excluded,,3,4
-7123239968746053114,excluded,1.0,3,2
-7123443252662364888,excluded,,4,4
-7125505155253781707,eczema_dermatitis,1.0,3,4
-7125851123770882,excluded,,3,3
-7126690189937436877,excluded,0.4,2,3
-7127148813102728120,acne,1.0,2,4
-7129421309469296721,acne,0.78,2,2
-7130314863872132543,acne,0.67,2,3
-7130418960645927779,excluded,0.82,3,1
-7131711246393335333,excluded,1.0,3,5
-7136068055889110862,excluded,,2,3
-7140014089720664807,normal_other,0.57,2,2
-7140426751919971254,acne,1.0,4,3
-7140771522877656841,excluded,1.0,3,3
-7146836585704577490,excluded,0.45,3,1
-7150762586050547552,excluded,,2,3
-7153750305679064145,excluded,1.0,3,2
-7157869548539822982,excluded,0.47,2,3
-7165184304522588996,excluded,0.55,1,3
-7168903774316642124,excluded,,,5
-7178041833489571545,eczema_dermatitis,1.0,2,2
-7179916671577931429,excluded,,3,2
-7180509182743730295,eczema_dermatitis,1.0,1,1
-7180568279159270710,normal_other,0.55,4,6
-71846644280357894,normal_other,0.99,4,3
-7186854589364950928,excluded,0.67,2,3
-7189064270434020569,eczema_dermatitis,0.78,3,2
-7191815880900565632,excluded,,2,2
-7193787081624250510,excluded,0.67,2,5
-7196723781054730256,excluded,,5,6
-7196750938559076046,eczema_dermatitis,0.67,5,6
-7197964546560317009,excluded,,6,8
-7201503869420848145,eczema_dermatitis,1.0,5,5
-7202138915917816951,normal_other,0.66,2,3
-7203786870653410703,eczema_dermatitis,0.78,5,8
-7205392373917251403,eczema_dermatitis,0.73,3,2
-7206039626315740792,eczema_dermatitis,1.0,3,3
-7207936904591577531,excluded,0.33,2,2
-7212082933520611746,eczema_dermatitis,0.6,4,5
-7214942537525659338,acne,1.0,3,3
-7219610623311492560,normal_other,0.78,4,4
-7221648301305734790,excluded,,3,2
-7226629190452339625,excluded,0.67,2,3
-7227413334600424206,eczema_dermatitis,0.66,1,3
-722789450561172426,excluded,,,2
-7253615679009827446,excluded,,1,3
-725765534842192444,excluded,,3,3
-7262862453495384907,excluded,,2,3
-7267330616326924547,excluded,,4,4
-7269045445646764829,excluded,,3,3
-7274634757796753734,excluded,1.0,2,3
-7275764427572709680,acne,1.0,3,2
-7277514071091705587,eczema_dermatitis,1.0,1,1
-7278568363007648124,excluded,,,3
-7287322163591603599,excluded,,2,2
-7288421822363632426,normal_other,1.0,3,2
-7290747481289933278,excluded,0.82,,3
-7291047305406945771,excluded,0.99,3,5
-7295998636663856875,excluded,0.67,3,3
-7299463359121296729,excluded,,,6
-7300017047423236412,excluded,0.78,3,2
-7306184791674493368,excluded,0.78,2,3
-7307470538479869697,eczema_dermatitis,1.0,3,3
-7314029484722555370,excluded,,2,2
-7317848447218668723,excluded,,,3
-7319242888548872358,normal_other,0.82,3,6
-7321154270792471222,excluded,0.78,2,1
-7324602606007068226,eczema_dermatitis,1.0,4,2
-7343857484856629879,excluded,0.5,3,3
-7344966238180572026,excluded,,4,4
-7350637768936675559,normal_other,1.0,2,3
-7353326945687065513,excluded,,,2
-735430126855690145,eczema_dermatitis,1.0,,3
-7354392888216297792,excluded,,3,1
-7356985420433959890,normal_other,1.0,1,3
-7358780818983052553,excluded,0.37,2,2
-7363628596772178963,excluded,0.33,2,1
-7364311670007978282,excluded,0.5,4,6
-7365318175783188533,excluded,,,3
-736680390960982157,normal_other,0.59,3,5
-736839246514769800,eczema_dermatitis,0.55,1,4
-7378727609553496088,eczema_dermatitis,0.82,4,7
-738512219771788467,excluded,,,6
-7386226650508301592,normal_other,0.78,2,1
-7386475038439412228,excluded,,3,2
-7389159419784489894,excluded,0.41,4,1
-7395152923232922456,eczema_dermatitis,1.0,2,2
-7396365076293199303,eczema_dermatitis,0.66,1,3
-7397654742148708298,excluded,,2,3
-7398439798895264396,excluded,,,5
-7404002113988291099,excluded,,2,4
-7410023196651486435,excluded,,2,2
-7410080783509854062,excluded,1.0,2,4
-7415949328319574048,excluded,,4,6
-7420459089758397581,excluded,0.78,5,5
-7420846802637722396,excluded,0.82,5,4
-7424296109578760484,excluded,0.99,4,5
-7430852718957600670,normal_other,1.0,5,4
-7432151961683759568,acne,1.0,3,4
-7434393217742175295,excluded,0.55,4,5
-7437139104859070712,normal_other,1.0,2,3
-743734516021247917,excluded,,3,2
-7439487212993050435,eczema_dermatitis,0.67,3,3
-7440662999761966580,excluded,,5,7
-7443287758377966383,excluded,,3,3
-7444367171228182235,excluded,,,2
-7445662782263265515,eczema_dermatitis,0.55,2,2
-7446748596697320827,excluded,,4,4
-7452866027735210535,excluded,1.0,3,5
-7457706876169948667,excluded,0.33,2,2
-7457987404723961299,excluded,,2,2
-7463517835629075507,excluded,,,2
-7467584756618193499,normal_other,1.0,2,3
-7467920953023756886,eczema_dermatitis,1.0,2,3
-7470618151091490209,excluded,,2,2
-7471572674355430221,redness_rosacea,0.55,2,2
-7480157272533549591,normal_other,0.55,3,2
-7483012146271487970,eczema_dermatitis,0.67,1,1
-7486320868242612380,normal_other,0.78,4,4
-7490824942244669589,eczema_dermatitis,1.0,1,2
-7498123997953094612,excluded,,,2
-7498807146603140091,excluded,1.0,3,6
-7499915852185793628,excluded,1.0,3,2
-7501555979377747533,excluded,,3,2
-7508592580409408491,eczema_dermatitis,0.67,5,7
-7519339531522236003,excluded,,2,1
-7521901094962732083,normal_other,0.46,3,2
-7526760875067301924,excluded,,3,2
-7526888085066357479,acne,1.0,3,2
-7530226152929619791,eczema_dermatitis,0.67,3,4
-753178559669212345,excluded,,3,2
-7532348811139560177,eczema_dermatitis,1.0,4,6
-7541507129242964440,excluded,,2,2
-7543731644999701395,excluded,,4,4
-7548484086670249257,normal_other,0.41,3,5
-7550366397648514409,excluded,,3,3
-75535091576112971,eczema_dermatitis,0.99,5,4
-7553626694705261578,excluded,,,4
-7554706013866806699,normal_other,1.0,4,3
-7555656749777206555,excluded,0.55,2,2
-7561706364310114371,excluded,,2,1
-7563501031092195267,excluded,1.0,4,6
-756461656416054762,eczema_dermatitis,1.0,2,2
-756566842397164193,normal_other,0.86,4,4
-7574036954441544498,excluded,,4,4
-7579537784259167415,excluded,,4,6
-7585848697354186063,eczema_dermatitis,1.0,5,6
-7587387896408104395,excluded,,3,2
-7587717312487606496,excluded,,2,2
-7589195234367125654,excluded,0.91,2,4
-7596615648821174505,excluded,1.0,,4
-76040793421888546,eczema_dermatitis,1.0,3,1
-7609697586211899286,eczema_dermatitis,0.78,4,7
-7612878196843202325,excluded,0.33,5,7
-761325943535501462,excluded,1.0,2,2
-7617125804840023564,excluded,,3,3
-7618082890444352353,excluded,0.44,3,4
-7620086397502131808,normal_other,1.0,2,2
-7621918448966232387,eczema_dermatitis,0.9,3,3
-762245106591018853,eczema_dermatitis,1.0,3,1
-7625656626952816481,eczema_dermatitis,1.0,3,3
-7627550629690915266,excluded,1.0,2,5
-7631701692058798127,excluded,,2,2
-7636710021376806281,excluded,,4,3
-7637240478939124697,excluded,1.0,2,2
-7637759683513380509,excluded,0.66,4,1
-7638839758035680,excluded,,2,2
-764114565043538080,eczema_dermatitis,0.59,2,2
-7644704499177261615,excluded,,3,4
-7645992490217694217,excluded,0.44,2,3
-7648328073811044824,excluded,0.33,5,6
-7657236532842762375,acne,1.0,5,6
-7669305009961124473,excluded,1.0,3,1
-7670214186714024128,excluded,,2,3
-7674316249478774899,normal_other,0.55,1,2
-7675297277521429765,eczema_dermatitis,1.0,4,3
-7682415475116556600,eczema_dermatitis,1.0,2,2
-7686686797903824624,excluded,0.41,2,1
-7689036669663361004,excluded,0.67,3,3
-7695207821915952479,eczema_dermatitis,1.0,4,4
-7696206131075619483,excluded,0.33,3,2
-7696969096166286881,excluded,0.66,2,3
-7706133768652999375,eczema_dermatitis,1.0,4,4
-7711091231416269014,normal_other,0.57,3,2
-7712795720038473012,eczema_dermatitis,0.6,3,3
-7714551107343297336,excluded,,,3
-772128437985769740,excluded,0.55,4,5
-7721876733224782628,eczema_dermatitis,1.0,3,4
-7723715182116517809,excluded,0.67,3,2
-7725028726042384715,excluded,,,5
-7734606889662811774,excluded,1.0,2,4
-7737141402165481034,excluded,0.66,2,2
-7737567151272326815,normal_other,0.78,3,5
-7737839609865574088,excluded,0.33,4,3
-7739266997920086929,excluded,,3,3
-7741045794141213037,excluded,0.59,2,4
-7743291557587090042,eczema_dermatitis,1.0,5,7
-7748469913070145463,eczema_dermatitis,0.6,2,3
-7754124295245462275,excluded,,,1
-7756770492493474322,eczema_dermatitis,0.78,2,2
-7757142060888362193,eczema_dermatitis,1.0,3,3
-7762660672715456630,excluded,,,4
-7776857652459777696,eczema_dermatitis,1.0,2,2
-7776943216618895166,excluded,,4,5
-7780630196243376820,excluded,,,2
-7783236188066925348,normal_other,1.0,2,2
-7787364237773333632,eczema_dermatitis,0.66,5,5
-7787998777604226589,excluded,0.5,3,1
-7792178611702309028,excluded,,,2
-7800004629114489202,excluded,0.67,2,2
-7800449325841797584,excluded,0.66,3,2
-7809998042930914346,excluded,,2,3
-781109197195243132,excluded,0.33,2,3
-7812262083495553647,excluded,,2,4
-7818046014250231985,excluded,,,3
-7819133539519710397,eczema_dermatitis,0.99,3,3
-7820093713010813140,normal_other,1.0,3,3
-7825252621237028212,excluded,,3,1
-7827637374387147572,excluded,,5,7
-7838397911858365898,excluded,0.67,2,2
-7845597106701115003,eczema_dermatitis,0.82,2,3
-7847398643031983110,excluded,0.78,2,1
-7848471858286366472,eczema_dermatitis,0.78,2,2
-7850910308850229084,excluded,,2,2
-7851195646036204419,eczema_dermatitis,0.78,2,2
-7859891256408094461,excluded,0.67,4,6
-7867180552000593018,excluded,,2,3
-7871026331249257655,excluded,,3,4
-7871816448124899430,eczema_dermatitis,1.0,2,1
-7872393845839333964,eczema_dermatitis,1.0,3,2
-7881643448226071630,excluded,,3,2
-7888514233246015969,eczema_dermatitis,0.74,2,3
-7896793800778587250,excluded,,6,8
-790136595695714665,eczema_dermatitis,0.67,1,2
-7901710788064822966,normal_other,1.0,3,4
-790202968416092624,excluded,0.67,2,3
-7905076229351316395,excluded,,4,2
-7906355304358556370,excluded,,,5
-7916510062591897740,normal_other,1.0,3,1
-7917987345757592250,eczema_dermatitis,0.78,1,3
-7919538788337253860,acne,0.59,2,2
-7919871739309219942,excluded,0.66,4,5
-7923370243531317753,eczema_dermatitis,0.78,2,4
-7924409046716568581,eczema_dermatitis,1.0,3,1
-7932053069029839187,excluded,,4,5
-7934007217638224487,excluded,0.5,1,3
-7947132806843054286,excluded,0.66,1,1
-7947521871009771293,excluded,,,4
-7947840979411358420,excluded,,2,3
-7949733432499019069,excluded,,2,2
-7950325381231337937,excluded,,2,3
-7950694854411322847,normal_other,0.55,3,4
-7951414037298616655,excluded,,3,3
-7953518572339993742,excluded,1.0,,2
-7955175484125975778,eczema_dermatitis,0.67,2,2
-7961010627670651929,excluded,1.0,3,3
-7961058950525057564,excluded,1.0,3,1
-7961281154867643403,excluded,,,1
-7961989933579874918,eczema_dermatitis,0.83,4,4
-7962583725800017306,normal_other,1.0,4,4
-7963004189436208876,eczema_dermatitis,1.0,1,2
-7963486544231454621,excluded,,4,4
-7974971392219935294,eczema_dermatitis,1.0,4,4
-7982904542201097459,excluded,1.0,2,2
-7986800110786369520,normal_other,1.0,3,4
-7989871951933399652,excluded,0.66,2,2
-799426197600588852,excluded,0.41,2,1
-7997684163924462190,excluded,,4,2
-7999991740162950505,normal_other,1.0,3,2
-8003905308042657903,excluded,0.56,2,2
-8006613820033704079,excluded,,2,1
-8011181878111400060,excluded,,2,2
-8011848946208565736,excluded,1.0,3,2
-8017427787429318421,excluded,1.0,4,6
-8018705038614693970,excluded,0.33,2,2
-8020632095997463578,eczema_dermatitis,0.55,3,2
-8023281000729266692,excluded,,,4
-8024000949938431771,excluded,1.0,2,3
-8024707687529999084,excluded,,4,4
-8031606417691412462,excluded,,,3
-8031615515835519136,normal_other,0.6,3,2
-8037025025597474442,excluded,,2,3
-804039651290065439,excluded,0.67,3,6
-8041117472456032841,excluded,1.0,3,1
-8043854827413915589,excluded,,2,3
-8045978879867751489,eczema_dermatitis,0.78,1,2
-8049510855839127388,normal_other,0.89,4,4
-8054001866397330447,eczema_dermatitis,0.67,5,6
-8060348661588746462,normal_other,0.72,5,6
-8065241889061279918,excluded,,3,3
-8066163351304648530,excluded,,2,1
-8068828952338340056,excluded,1.0,4,6
-8074230965389996366,acne,0.82,2,4
-8074491505175785054,excluded,,2,2
-8077935876609010934,acne,0.55,2,2
-8082178393104948438,excluded,,,2
-8089340787212569371,excluded,,,1
-8089794477444909464,eczema_dermatitis,1.0,3,3
-8092021526843186047,excluded,,2,1
-809308834374841162,eczema_dermatitis,0.67,2,3
-8093372247493260653,excluded,,,2
-809338751368705429,acne,1.0,3,2
-8094534594678692877,excluded,1.0,2,2
-8100602937335660438,eczema_dermatitis,0.67,,3
-8103165365768265330,normal_other,0.67,4,5
-810821095168411646,excluded,,3,3
-8111125152560753978,eczema_dermatitis,1.0,3,2
-8111705603355719488,eczema_dermatitis,0.55,4,4
-8113663007161423437,normal_other,1.0,3,1
-8115629007813437794,excluded,1.0,2,2
-8116682316751899889,excluded,,2,2
-8117626302996219311,excluded,0.5,2,3
-8121797450199499657,excluded,0.55,,4
-8122241562606851224,eczema_dermatitis,1.0,2,2
-8131609900086309493,excluded,1.0,5,8
-8132780960290832555,normal_other,0.86,2,2
-8138003161205194793,excluded,0.78,2,3
-8140327201126128987,excluded,0.59,2,3
-814257182323135617,eczema_dermatitis,0.75,2,1
-814440459687669003,eczema_dermatitis,0.73,1,2
-8144495918750188758,excluded,1.0,3,2
-8144595119795176997,excluded,,5,6
-8145157822996018868,excluded,0.5,2,2
-8145157823835703506,eczema_dermatitis,1.0,2,3
-8145970881424882780,excluded,0.99,1,2
-8148558003760418206,excluded,,3,3
-8148862245393351602,excluded,1.0,3,2
-8156476212310728850,excluded,,,4
-8159574704851105043,excluded,,4,5
-816196306713002260,eczema_dermatitis,1.0,2,5
-8162725073700052523,excluded,,2,2
-8164731093846720780,excluded,0.55,3,4
-8170007319625541755,excluded,,,1
-818460457379085009,excluded,,2,2
-8194628008104852814,eczema_dermatitis,0.82,3,3
-8196625909161103215,excluded,,3,3
-8201838282824224686,excluded,0.5,2,3
-821110872479093372,excluded,0.5,2,4
-8214426638195201336,excluded,,4,6
-8224901427632678814,excluded,1.0,5,4
-8227505402336241472,excluded,,2,2
-8231032302326763546,normal_other,0.59,2,3
-8239179538315697833,normal_other,0.78,1,4
-8239529408406365093,eczema_dermatitis,0.67,1,2
-8241396382392258161,excluded,,3,3
-8246849979434358139,eczema_dermatitis,1.0,3,2
-8249685684986998943,excluded,,,3
-8251305011855583718,excluded,,,
-8255188152421199717,excluded,,2,5
-8255703737893737318,excluded,,2,2
-8257739059543715530,normal_other,0.61,4,5
-826036110615567654,eczema_dermatitis,0.66,2,1
-8262075524299376017,excluded,,5,5
-8262765470602082655,excluded,0.5,5,4
-8263317660484561069,excluded,,2,2
-8269030899358756664,eczema_dermatitis,1.0,2,3
-8269845029180831223,eczema_dermatitis,0.99,4,2
-8276283188378106232,eczema_dermatitis,1.0,1,1
-8279898709030675887,excluded,0.55,2,3
-8280175619096064565,normal_other,0.55,1,2
-8282822010344771025,eczema_dermatitis,0.66,5,3
-8284499618715660023,eczema_dermatitis,1.0,2,2
-8286624049901325116,excluded,,6,7
-828782957191515697,excluded,0.65,2,3
-8289380783204764467,excluded,1.0,4,3
-8299558122856700362,excluded,,2,2
-8299809889773574040,eczema_dermatitis,1.0,3,3
-8304568159928522741,eczema_dermatitis,0.73,2,3
-8309061698872621287,eczema_dermatitis,0.81,1,2
-8315035996808813985,eczema_dermatitis,1.0,3,1
-8315449379611711348,eczema_dermatitis,0.78,3,3
-8321978541974493530,excluded,,3,2
-8325500965051751661,excluded,,5,1
-8327688402916422319,excluded,0.41,3,4
-8330055213516577390,excluded,,2,2
-8334946539728483666,excluded,1.0,2,2
-8337093928884426495,excluded,0.33,3,3
-8340716583249125583,excluded,,3,3
-8341283864171645385,normal_other,1.0,2,4
-8347222101220952763,excluded,,,2
-8348443567838198812,normal_other,0.73,,4
-8348498902094393408,normal_other,0.59,,4
-8352699628138095738,normal_other,1.0,3,3
-8353405475093469225,eczema_dermatitis,0.61,3,4
-8355408529315472857,excluded,,5,5
-8357007819558089292,excluded,0.55,2,1
-8357895841572768477,excluded,1.0,2,2
-8360085615277782265,normal_other,1.0,2,2
-8365407831387854327,eczema_dermatitis,1.0,4,4
-8365497190205778707,normal_other,0.78,3,4
-8365666356999870062,excluded,0.55,1,3
-8368978379079502283,eczema_dermatitis,1.0,1,3
-8370388471688037375,eczema_dermatitis,0.57,2,5
-8370564645387175321,excluded,,2,2
-8373370638802672214,excluded,0.67,4,4
-8382359633021275660,excluded,,2,1
-8383395647445023205,redness_rosacea,1.0,2,2
-8385554111491399495,normal_other,0.55,2,3
-8385695421243936139,excluded,,,2
-8393502723318097428,excluded,,4,2
-8397707070790879422,normal_other,0.59,3,2
-8409059137252391480,excluded,1.0,3,2
-8412384399760961229,excluded,,2,2
-841389195695948010,excluded,0.67,3,3
-8414794342252143130,eczema_dermatitis,1.0,2,2
-842089651286469612,excluded,,3,3
-8424973959214988551,excluded,0.33,3,5
-8425235422393845300,normal_other,1.0,2,2
-8425743791157482594,eczema_dermatitis,0.76,2,3
-8425933059055994650,excluded,0.5,3,3
-8427188247520808980,excluded,,,2
-8452874909767657380,excluded,,2,3
-8453741722247259271,excluded,1.0,3,4
-845380407717415265,eczema_dermatitis,1.0,4,4
-8463684650171812258,normal_other,0.55,4,2
-8465535858543016384,normal_other,0.73,2,1
-8476269231064776989,excluded,0.41,2,2
-8478484423938810214,excluded,1.0,5,6
-8478489663314747634,normal_other,1.0,4,3
-8489138716602515844,excluded,,,2
-8490024681950036495,eczema_dermatitis,0.99,4,3
-8497095802158417346,excluded,0.67,3,3
-8503409389836429709,redness_rosacea,0.67,,3
-8503636059667687069,excluded,,,4
-850439514368780717,eczema_dermatitis,0.88,2,4
-8507924039369243132,excluded,,4,2
-8510849479250796759,normal_other,1.0,3,2
-8519358654647212284,excluded,1.0,3,4
-8529276167900515286,excluded,,3,1
-8531554322625259799,eczema_dermatitis,0.66,4,
-8538757452488907972,excluded,,2,2
-8542064986886426986,normal_other,0.67,2,1
-8543815658932102792,excluded,,2,3
-8545507601606408653,eczema_dermatitis,1.0,2,3
-8546076378699329380,normal_other,0.55,2,1
-8551593375485997846,excluded,1.0,4,6
-8555709419997689501,eczema_dermatitis,0.66,3,1
-8557698164091615119,eczema_dermatitis,1.0,3,2
-8558029126954162564,excluded,1.0,3,1
-8561049931128520858,excluded,0.41,1,2
-8562195413115849038,normal_other,0.67,4,5
-8563071200712054590,excluded,0.99,2,2
-8570965724291365835,excluded,,3,3
-8571293904293571190,excluded,1.0,1,2
-8574806546463485077,excluded,,,2
-8574904476474483404,excluded,,1,1
-857585075134481210,excluded,,,6
-8577200447305491884,excluded,,2,2
-8578005713261816070,normal_other,1.0,5,3
-8581254805392816582,excluded,,3,1
-8592147272327281886,excluded,1.0,3,3
-859326882085129131,excluded,0.35,2,4
-859757051849018589,normal_other,0.78,3,4
-8605587330044753681,excluded,,3,5
-8607840516776510795,excluded,,2,2
-8608474514653714844,eczema_dermatitis,1.0,2,2
-8611448630085376192,excluded,,2,2
-8611962232225795835,excluded,,3,2
-8617284865077803152,eczema_dermatitis,1.0,3,2
-861934705126105157,eczema_dermatitis,0.74,2,2
-8621861290081043870,excluded,,4,2
-8631687299829398206,excluded,0.66,4,6
-8631788539517931328,excluded,,5,6
-863918809910216521,acne,0.8,4,4
-864191656117477043,excluded,1.0,4,5
-8645801686116431707,excluded,,,3
-8652287794570513250,excluded,0.47,2,4
-8657487229667667489,excluded,,4,5
-866103811645886896,excluded,,,3
-8662565615264314643,excluded,,,4
-8665287510240154032,eczema_dermatitis,0.66,5,6
-8665761864664256810,excluded,0.99,3,3
-8666556558745521100,excluded,,2,1
-8668357903038617601,excluded,1.0,2,3
-86760260329697483,excluded,1.0,1,1
-8678691577997949005,eczema_dermatitis,0.66,1,2
-8678694517436562147,excluded,0.5,1,2
-8682722200146064228,excluded,,2,1
-8684573061351687299,eczema_dermatitis,0.78,2,2
-8684701797337826495,normal_other,0.55,3,3
-8689166439132544050,eczema_dermatitis,0.55,2,2
-8689261374749754199,excluded,,3,3
-8690128273253181772,excluded,,,1
-8696629320841596066,excluded,0.55,2,1
-871000789648050928,normal_other,0.78,2,3
-8711339460497307081,excluded,,,2
-8714014630063136316,normal_other,0.55,3,3
-8717214960305771044,normal_other,1.0,1,10
-8722194535323438165,excluded,0.5,1,2
-8724002829883390371,eczema_dermatitis,0.91,2,2
-8733132539249310652,normal_other,1.0,2,2
-8738593355260221618,excluded,,4,3
-8739166370085109808,excluded,,,3
-8740205826194679509,excluded,,3,2
-8741066554619028845,excluded,1.0,3,2
-8748013376819865772,normal_other,0.59,1,2
-8754678083190860015,normal_other,1.0,5,6
-875629924264432471,excluded,,2,3
-8757205584705204122,excluded,,4,3
-8760666669816564693,normal_other,0.66,3,3
-8763824209328278344,excluded,1.0,,3
-8764502571823171640,excluded,,3,3
-8770548055927921945,excluded,0.66,6,6
-8773804408232537379,excluded,1.0,1,3
-8774665929092136158,normal_other,0.67,2,4
-8777728467802954027,excluded,,2,2
-8783738659160519249,eczema_dermatitis,1.0,3,2
-8786860648922395589,normal_other,0.58,2,2
-8788047348988358356,excluded,,,2
-8792299688406665439,excluded,,3,4
-8796348535040696426,excluded,1.0,4,5
-8798401260263128565,excluded,0.33,1,1
-880000110212563398,normal_other,0.82,3,4
-8803789196796127998,excluded,,3,6
-8808510258616563225,eczema_dermatitis,0.76,2,2
-8811060442242389224,excluded,,,2
-8811179085995477359,eczema_dermatitis,0.66,3,3
-881285348752650190,excluded,0.41,1,3
-8817637617042731547,eczema_dermatitis,1.0,2,2
-8820825380794020489,excluded,1.0,2,4
-882102037932964398,excluded,,2,3
-8826749919547086114,excluded,1.0,4,5
-8829243405968034279,excluded,,5,5
-8830368359526222482,excluded,,2,1
-8832833374039135995,excluded,,3,3
-8836604122134436193,excluded,,2,3
-8839332483113442176,eczema_dermatitis,0.58,2,2
-8840767215866317870,excluded,,,4
-8842677550709077167,eczema_dermatitis,0.67,5,7
-8843030333916443411,excluded,1.0,3,2
-8850642184122383620,excluded,,3,2
-8852617373142564374,excluded,,3,3
-8853406529163001290,excluded,,,4
-8859705766164733610,normal_other,1.0,5,6
-8865867814339105848,excluded,,5,6
-887349597372827539,eczema_dermatitis,1.0,2,1
-8876395430508694988,excluded,0.53,2,1
-8883951360558368,normal_other,0.67,2,2
-8888548011588959656,excluded,1.0,5,6
-8891700980257925398,excluded,,6,8
-8892512368565390909,normal_other,0.66,5,6
-8894705295203367911,eczema_dermatitis,1.0,3,3
-8894788461524728705,excluded,,,3
-8899765394061669225,excluded,,3,3
-8905045605088907745,excluded,1.0,3,3
-8910512778266938389,eczema_dermatitis,1.0,5,6
-8912255557105999166,excluded,,3,5
-89247052115172663,eczema_dermatitis,0.89,2,3
-8930963458793744903,excluded,0.67,5,6
-893137270961871017,excluded,,3,4
-8933122876369538878,eczema_dermatitis,0.53,4,3
-8937068994790389369,excluded,,,3
-8941823298969324677,eczema_dermatitis,1.0,,2
-8946283422032485706,excluded,,3,5
-8955352738759646975,excluded,,2,1
-8956744426411676522,excluded,,,6
-8963285737306892737,excluded,,2,2
-8963492367795768890,excluded,,4,4
-8964040348274299915,excluded,0.78,5,2
-8967762494989283219,normal_other,0.55,3,4
-8971734718128539001,excluded,1.0,3,2
-8975068818591508714,excluded,,,3
-8980999826082700671,excluded,,2,2
-8982677351318438196,eczema_dermatitis,0.45,2,4
-8993301341457206031,normal_other,0.67,1,2
-8993770746039498677,excluded,0.82,3,3
-9001435403216911939,excluded,0.5,2,1
-9005882062345004980,acne,1.0,5,5
-9016534851416575031,excluded,,,3
-9020333611906729483,excluded,,,2
-9023189933613259965,excluded,1.0,4,2
-9030459751187840656,excluded,,,6
-9036596930392539479,excluded,,,7
-9040478196401628146,excluded,,4,6
-9042316179618444656,normal_other,0.55,2,4
-9049436803422920702,eczema_dermatitis,1.0,3,2
-9060514915653122860,excluded,,,4
-906582537993925966,acne,1.0,3,2
-9070145539575466618,excluded,,,4
-9070912914309175936,excluded,1.0,3,3
-90727038662084249,eczema_dermatitis,1.0,3,4
-9076682306093293665,excluded,,5,6
-9080481193679353998,excluded,0.78,,3
-9080876840738845556,excluded,0.4,4,5
-9081999645065295765,normal_other,0.67,3,1
-9086666285157134260,excluded,0.78,5,6
-90867117509767585,excluded,,3,2
-9088690164876927903,excluded,,4,4
-9088712704113417292,excluded,0.66,2,1
-9090002530881354580,excluded,1.0,3,4
-9094315971295153245,excluded,,4,4
-9095289916134554655,excluded,,3,4
-909798029746539072,excluded,0.78,2,2
-9099005241992076854,acne,0.55,4,5
-9102014235653308370,excluded,,4,4
-9102773862540131603,normal_other,1.0,2,2
-9104994176914008686,excluded,,,1
-9109824565676367958,eczema_dermatitis,0.55,3,3
-9110046567015833218,excluded,,2,3
-9110612497360538721,eczema_dermatitis,1.0,2,3
-9115924748202405208,excluded,,5,6
-9117223290429749335,normal_other,0.66,3,4
-9118797839634666926,excluded,,5,6
-9121690728078156914,eczema_dermatitis,0.99,3,2
-9130798652776451156,eczema_dermatitis,0.99,3,2
-9132377399143972111,excluded,,2,1
-9148765886843393270,excluded,0.66,1,2
-9150805037763734176,eczema_dermatitis,0.99,2,3
-9154253420651784881,excluded,1.0,2,3
-9154862390650963481,excluded,1.0,2,2
-915732041706879208,eczema_dermatitis,1.0,5,3
-9161065638797088123,excluded,,3,2
-91617857795132386,excluded,,,5
-9162883284607318614,excluded,,5,4
-9166773642971045122,excluded,,2,2
-9168553883581693079,eczema_dermatitis,0.66,5,7
-9170595681620286626,excluded,,1,3
-9170630501376990389,eczema_dermatitis,0.7,2,5
-9185522356800825789,excluded,,5,4
-9186663381072946606,eczema_dermatitis,1.0,2,1
-9190247622747939061,eczema_dermatitis,0.66,1,2
-9190831902616637151,excluded,,,
-9191737838881778403,excluded,0.5,3,4
-9192736402109604396,excluded,,3,3
-9196384631781582248,excluded,,5,5
-919660371744832007,eczema_dermatitis,0.86,2,1
-9203788839127520281,excluded,0.89,2,2
-9206932260786385263,excluded,,4,3
-9212359218854294582,eczema_dermatitis,1.0,4,3
-9215921701035518354,eczema_dermatitis,0.66,2,3
-9218285092875997194,eczema_dermatitis,1.0,2,2
-9218632780526166682,excluded,,3,3
-9220592793270118222,excluded,,6,8
-9221035133244224964,eczema_dermatitis,1.0,1,2
-9221405510313435829,excluded,,,3
-9223126124516060635,excluded,0.33,1,2
-925898841639418610,normal_other,1.0,3,3
-929512189133594633,excluded,,4,2
-930794702419748852,excluded,1.0,3,3
-938104201292224991,excluded,0.5,3,2
-93835656279538653,excluded,,2,1
-941234407306405776,excluded,,3,2
-942090137604343723,excluded,,,3
-944541862483000325,excluded,0.67,2,2
-952723022706816568,normal_other,0.55,2,2
-953727545596279641,eczema_dermatitis,1.0,2,2
-962251279953702051,acne,1.0,4,3
-962853138365433629,eczema_dermatitis,1.0,3,5
-967068005932630983,excluded,0.33,4,2
-969187139528628266,eczema_dermatitis,0.5,3,2
-969510909643941334,excluded,0.33,2,3
-973877183987096833,normal_other,0.55,1,3
-975795300119644647,eczema_dermatitis,0.99,2,2
-981573696798715198,excluded,,5,6
-988553504339246297,excluded,0.5,2,2
-989098544351209988,excluded,0.89,2,2
-994830227507006031,excluded,,4,5
-99532966175607458,excluded,,4,4
-998049612302349222,excluded,0.41,2,3
-998965366567233636,excluded,0.52,4,2
1003514097059069129,excluded,1.0,2,2
1005762868784172651,excluded,,2,1
1005987476247441998,excluded,0.67,2,3
1008033074216851317,excluded,0.33,4,2
1009581533906556817,excluded,,,2
1017795787212437294,eczema_dermatitis,1.0,3,2
1019443783957389662,excluded,,2,2
1030761287403909506,normal_other,0.78,3,3
1030861607933967063,excluded,0.5,3,6
1030966904489803756,excluded,,2,3
1034604618704576850,excluded,,,7
1036407405311860774,excluded,0.67,2,2
1044392421558196629,excluded,,,2
1048375778224178863,excluded,0.82,4,2
1048536121876638454,eczema_dermatitis,1.0,1,1
1056335587924189931,excluded,,4,3
1058810551500971051,eczema_dermatitis,1.0,1,2
1081000147756181990,excluded,,2,3
1081447461443403850,excluded,,4,3
110033782925067818,excluded,0.33,3,1
1102146410303841803,eczema_dermatitis,0.66,1,1
1103320917577533229,excluded,,3,1
1105221743023092607,eczema_dermatitis,0.82,2,2
1112871911944244778,excluded,,1,1
1114663446458712487,eczema_dermatitis,0.66,2,4
1118290692656398320,excluded,,2,3
1121589935053999062,excluded,0.67,2,4
1129555082201687214,acne,0.55,1,1
1130586419615240284,excluded,0.55,3,5
1131934111401068887,excluded,,,2
1132171064842520307,excluded,,2,3
1132259258464565374,excluded,1.0,4,3
1132534065916942783,acne,0.55,2,1
1132535085816432291,excluded,1.0,1,1
1135209185406073197,excluded,,2,1
1139038550659600500,acne,0.67,4,5
1146270192426147124,excluded,0.82,2,5
1146535083037482712,acne,0.67,2,3
1155517917917927097,excluded,,2,2
1155900423209092249,excluded,,2,2
1157086606886983032,excluded,,3,2
1163726335913083043,acne,1.0,4,4
1163886050326602708,eczema_dermatitis,1.0,6,5
1168350197217061764,excluded,0.5,2,1
1169372227657991111,excluded,1.0,3,5
1172852736661377291,excluded,,3,4
117775236047780534,eczema_dermatitis,0.99,3,3
1180361584407188093,eczema_dermatitis,1.0,3,4
1182601550504235386,eczema_dermatitis,1.0,1,1
1182791713178133972,excluded,0.59,6,7
1187753109034656543,eczema_dermatitis,0.67,3,4
1189120303936550247,excluded,,,2
1196023284722483027,excluded,,,4
1198052867941196873,eczema_dermatitis,1.0,3,1
1206534235782283889,eczema_dermatitis,1.0,2,4
1213125883480681895,eczema_dermatitis,1.0,2,3
1217802956545325355,acne,1.0,3,4
1224091294019047883,excluded,0.72,4,5
1225651892021177335,excluded,0.99,3,4
1225802723198895397,excluded,,1,2
1227727128416036901,normal_other,0.67,5,6
1227935601011414523,eczema_dermatitis,1.0,3,4
1229070467125832584,excluded,0.74,2,1
123018484144067727,normal_other,0.66,1,2
1237595093610148205,excluded,0.41,2,1
1238265450986490488,normal_other,1.0,4,2
1239121639034845096,eczema_dermatitis,0.66,2,2
1242970815271213130,excluded,0.82,3,3
1245550758851447503,normal_other,0.78,1,3
1247763043380351358,excluded,,,3
1253335730598037146,redness_rosacea,1.0,1,2
1254191034317631338,excluded,0.33,2,1
1255379994295385468,excluded,,4,5
1259559516697805162,excluded,,2,2
1260018889354188290,excluded,1.0,5,8
12608478152982826,excluded,0.55,3,2
1260894424414844248,excluded,,3,2
1263906762770950345,excluded,0.67,3,2
1270975923045429745,excluded,1.0,,4
1272405231370867430,excluded,,3,2
1272598141202058214,eczema_dermatitis,1.0,2,3
1274997395678793494,excluded,1.0,4,1
1278937552340752375,excluded,,3,7
1285717583095917933,excluded,1.0,3,3
1287604065205775009,excluded,,1,2
1287635320480750567,eczema_dermatitis,0.82,2,2
1289587138345691799,excluded,,4,3
1292364074261434310,excluded,,,1
1293767328285319306,normal_other,1.0,5,5
1309054410342893419,excluded,,4,6
1309268518639618997,excluded,,4,2
1310178961620475677,eczema_dermatitis,1.0,2,3
1310534854433007924,excluded,0.67,2,3
1315451198768282216,eczema_dermatitis,1.0,3,4
1320087784849034495,excluded,0.55,3,2
1330319715777902475,excluded,0.66,2,2
1330382506320065118,eczema_dermatitis,0.55,2,1
1337654241617551441,excluded,,2,4
1339120318026632515,excluded,,,3
1339647873939722982,eczema_dermatitis,0.67,4,6
1339661251231389364,eczema_dermatitis,0.82,2,2
1341491376911672914,eczema_dermatitis,1.0,4,3
1345351696544059629,excluded,1.0,2,2
1345721193150322031,eczema_dermatitis,0.81,2,2
1346211989287877189,excluded,0.5,3,2
1350216027755401392,excluded,,2,2
135041402360263077,excluded,,,7
1351366389751078004,excluded,1.0,3,3
1360921220181128411,eczema_dermatitis,1.0,3,2
1365611411583881452,excluded,0.33,3,2
1366859043595919799,eczema_dermatitis,1.0,2,3
1367526664853974154,excluded,,2,4
1369106602234837628,excluded,,4,4
1374452603861016595,excluded,,5,7
1380302191978376798,excluded,,3,2
13835625549189005,excluded,0.5,3,1
1385770988154357466,normal_other,0.85,2,3
138924131141837454,excluded,,5,6
1390688762385568471,excluded,1.0,2,2
1391938850483564684,excluded,,5,7
1394308459147109933,acne,1.0,3,4
1397536655168949981,excluded,,4,4
1401206047265686434,excluded,0.5,6,8
1405292427261128343,eczema_dermatitis,1.0,2,2
14056247272554659,excluded,,3,5
1411905987100468645,excluded,,2,2
141597716997711154,excluded,,4,6
1416449344928685496,normal_other,0.63,2,2
1417824861669892091,excluded,1.0,3,2
1420979335897147218,excluded,,3,3
1421697568309890856,excluded,,2,2
1425882115090215066,excluded,0.87,4,5
1435283655405315411,eczema_dermatitis,0.99,2,1
1441821773832610687,eczema_dermatitis,0.82,2,1
1443667098226186351,excluded,,2,1
1444216325514343990,eczema_dermatitis,0.67,3,4
1444435360826538426,excluded,,4,3
1456310991746262408,excluded,,4,3
1458168332783554305,excluded,,,1
1464884439540584276,excluded,0.66,2,2
1473068859639075784,acne,0.73,2,2
1473991984637427157,excluded,,2,4
1479391676792844578,excluded,0.82,2,3
1486319070386398758,excluded,0.33,3,3
1486837231174684358,eczema_dermatitis,1.0,2,1
1488233836128692676,normal_other,0.67,1,5
1498310048495482158,eczema_dermatitis,1.0,1,2
1499335409874024730,acne,0.67,3,3
1500116317334640431,excluded,,,1
1505125040846659152,eczema_dermatitis,1.0,5,5
1505578333278300430,eczema_dermatitis,0.5,1,1
1510408943592966015,excluded,,,5
1515676037943337722,eczema_dermatitis,0.63,2,1
1516720652950277957,excluded,,2,2
151752990746265297,eczema_dermatitis,1.0,4,5
1519975931025758567,excluded,0.78,3,5
1525514262210297771,excluded,,4,3
1527988518649089970,eczema_dermatitis,0.9,2,2
1530468058758838065,normal_other,1.0,5,5
1535583074068286237,normal_other,1.0,3,6
15358710622059889,excluded,1.0,2,3
1536558571491805560,excluded,,2,2
1536806056159749402,excluded,,3,4
1537613128125100545,excluded,1.0,2,
1542407190334297541,excluded,0.37,2,2
154916345969259879,excluded,0.5,3,4
1553153717098052127,excluded,0.55,2,3
1554139664304435205,excluded,,3,3
1557197475595341234,excluded,,3,2
155889201577372236,excluded,,2,2
1564407101673129162,normal_other,0.79,4,5
1569717260472817193,excluded,1.0,,1
1582594410229167622,excluded,,,2
1585280233209265033,excluded,0.41,,2
1589466904862954952,eczema_dermatitis,0.91,2,3
1590085795051217125,eczema_dermatitis,0.67,2,4
1596080309290550584,excluded,,2,1
159823969875349519,normal_other,1.0,2,1
1606054703845212622,excluded,,3,5
1606523083856481740,excluded,0.73,,2
1610643527361135382,normal_other,1.0,3,1
1622051857171397810,excluded,,,3
1632165363586558865,excluded,0.33,1,1
163582330313428766,eczema_dermatitis,0.99,3,5
1636645679666658249,eczema_dermatitis,0.66,3,1
1640852426846713018,excluded,,4,2
1643819065600517653,excluded,0.4,2,4
1644871908460717533,excluded,1.0,5,5
1646452678361712394,excluded,,1,3
1648980549054992783,excluded,,6,5
1655608594195465621,excluded,1.0,3,2
1661728693931084309,excluded,0.5,3,2
166311737397115108,excluded,,2,2
1668905896564637360,excluded,,3,5
1674652228211032428,excluded,0.78,,2
1678281205783001740,eczema_dermatitis,1.0,2,1
1678750316975404495,normal_other,1.0,3,3
1684728242534015864,eczema_dermatitis,0.67,4,5
168532312902654938,redness_rosacea,1.0,2,2
1685418811189718839,eczema_dermatitis,1.0,5,3
1686314235700177799,excluded,1.0,3,4
1688734904706353566,excluded,,,2
1689387674613114667,excluded,0.73,1,3
1689752153677721018,excluded,,3,2
1694529642825538749,excluded,0.59,2,2
1694655902844531796,eczema_dermatitis,1.0,3,3
1697641502182789644,excluded,1.0,2,2
1706523837116884451,excluded,0.55,5,7
1707141327108381569,normal_other,0.55,3,3
1713680792880426853,normal_other,0.87,4,6
1713789049192481311,excluded,1.0,4,6
1714476982112651545,excluded,,,2
1716970566788854242,normal_other,0.55,5,7
1717394648501814629,excluded,0.5,3,4
1719348247162325619,excluded,,,7
1720861977887249003,excluded,,2,4
1721578047337190112,excluded,,,2
1723536832227989598,normal_other,0.53,3,2
1723772007141599544,excluded,0.5,4,4
1724238275387613430,redness_rosacea,1.0,2,3
1726746233346073473,excluded,1.0,,2
1731252740699897681,excluded,,3,1
1731933494189078674,excluded,,4,3
1732708987196330335,excluded,0.55,3,2
1732770939475973162,excluded,0.82,1,1
1742346756660727789,excluded,,,6
1744488958958347097,excluded,0.33,3,2
1748078185855654098,excluded,,2,2
1749920588224459605,acne,0.67,3,1
1750798767966307033,excluded,,3,2
1754947382186897051,eczema_dermatitis,1.0,3,3
1758113703342084825,excluded,0.91,3,3
1758257439672934702,excluded,,,1
1773416067088070198,excluded,,3,4
1778674063246442248,excluded,0.5,3,3
1779309246996751578,eczema_dermatitis,1.0,,3
1782066446270109098,normal_other,0.55,3,
1789068724231157062,eczema_dermatitis,0.66,3,3
1791100291134383454,excluded,,4,4
1794324362225307569,excluded,1.0,5,5
1801354510756212900,excluded,0.41,1,2
1811694616504302388,excluded,,5,8
1812780772789288074,excluded,0.66,4,3
1813851179464808841,excluded,0.33,3,2
1818532041670121872,excluded,1.0,2,2
1820167775990570939,eczema_dermatitis,0.54,2,2
1820943690174160423,excluded,,,4
1824416445374632389,excluded,1.0,4,2
1824804369047094023,eczema_dermatitis,0.53,3,4
1825362545195630068,eczema_dermatitis,1.0,3,2
1827264590798311134,eczema_dermatitis,1.0,3,1
1830225513860057803,normal_other,1.0,4,3
1839729635120428582,normal_other,1.0,4,4
1842495742184033095,normal_other,0.67,3,3
1843946921972634656,excluded,,2,1
1846402565112713594,excluded,,3,4
1849272957809101239,excluded,0.5,3,3
1850198155303184343,eczema_dermatitis,1.0,3,3
1853978778702608787,excluded,,3,3
1854566846179345246,excluded,,,2
1856336286028503634,excluded,1.0,2,2
1861601422455627001,normal_other,0.55,2,2
1869579634565343385,acne,0.55,3,4
1872413092507744029,eczema_dermatitis,1.0,1,4
1873603371710267239,excluded,,3,3
1874037819789777509,excluded,0.5,3,4
1878865445868910906,excluded,,3,2
1880877836911397327,excluded,,,1
188158235839126462,excluded,0.5,3,2
1882479921536025669,excluded,,2,4
1882819785205575342,excluded,,,6
1883012305022722008,excluded,,2,2
1883509830581145408,excluded,,4,2
1884856298130136530,excluded,,3,2
1888617543299707954,excluded,,6,7
1889579511083279782,excluded,,3,3
1893202182490975588,excluded,,3,4
1897960183334264196,excluded,,5,4
1907862242724374121,eczema_dermatitis,1.0,5,7
1909044480358211945,excluded,,3,4
190986446107850975,excluded,,4,2
193459679930269352,excluded,,2,4
1934779251461132347,eczema_dermatitis,0.66,1,1
1936055920479369677,excluded,1.0,5,7
1947626991996543661,excluded,,3,2
1948959204234257852,excluded,0.41,1,3
195085296213053930,excluded,0.66,3,6
195570861236098093,excluded,,3,3
1960410046256734506,excluded,,,2
196293252615411507,excluded,0.5,2,2
1969398346152019890,eczema_dermatitis,1.0,2,1
1970249032025055411,eczema_dermatitis,0.67,3,4
1971278460267998653,eczema_dermatitis,0.42,2,2
1972149920473818450,excluded,,2,2
1974095114082906999,normal_other,1.0,4,4
197413089653793303,excluded,,,2
1977361063158454029,excluded,0.33,3,3
1978971590503055521,excluded,,3,2
1982921379622744950,excluded,,,3
1983213512230811667,excluded,,4,3
1983820335840975509,excluded,,,4
1984523699625180217,normal_other,0.51,2,2
1984951561325918464,excluded,,3,2
1986695337180741344,excluded,0.55,3,2
1989656834526098404,eczema_dermatitis,0.67,3,3
1998812222166588964,excluded,,,2
1998979039035514842,excluded,,4,3
1999618385488890798,excluded,,4,3
2000497523759018449,normal_other,0.53,5,6
2007139832806066188,excluded,,3,2
2008539484973756903,excluded,,4,2
2018015928333128817,eczema_dermatitis,1.0,4,3
2026182985069728278,excluded,,1,2
2030266873623654166,excluded,0.47,1,2
2030793302701523603,excluded,0.41,2,2
2031393563285969488,excluded,,,1
2032126799370161520,eczema_dermatitis,0.67,2,3
2035989305051526623,eczema_dermatitis,0.82,2,1
2042799682642232358,eczema_dermatitis,1.0,4,3
2044165162007909273,eczema_dermatitis,1.0,3,3
205942603941902229,excluded,,,4
2060357076156830430,excluded,,2,
2068196966908686742,excluded,0.5,2,4
2069387853579912598,excluded,,3,2
2070462134100885879,eczema_dermatitis,0.78,3,2
2072464786047257400,excluded,1.0,1,2
2074884385313843908,excluded,,,2
2079054500630628050,eczema_dermatitis,1.0,2,3
2084168231290015263,acne,0.75,3,6
2084462406497898667,eczema_dermatitis,0.71,2,3
2084479032845321772,excluded,1.0,4,3
2085120739547287781,acne,0.67,2,3
2085505021476810461,excluded,,3,4
2093668565638601224,excluded,,3,2
2093973831515705574,eczema_dermatitis,0.75,3,1
2097083508590509061,excluded,,,6
2101168462271180094,excluded,1.0,3,2
2103712614285052297,excluded,0.5,1,2
2105117466117805529,excluded,0.67,2,2
2107149707641567953,excluded,,2,2
2108600103580272561,excluded,0.73,1,4
2116635164247009289,excluded,0.67,2,4
2126547957554095009,normal_other,0.57,2,2
213882643680582545,excluded,1.0,4,6
2147765736386887457,eczema_dermatitis,0.67,,4
2159533560793220630,acne,0.55,1,2
2166695033864361307,excluded,,4,2
2180543142913343408,excluded,,2,3
2185065199558991783,excluded,0.41,2,2
2187772282234201394,excluded,,5,5
21893587654601533,excluded,,2,2
2196057992530730820,excluded,1.0,2,1
2196496469746162952,normal_other,0.66,1,3
2199880034190329622,excluded,0.67,3,1
2202424669396909832,excluded,,5,6
2210597599610536729,excluded,0.66,3,3
2216178882041769983,eczema_dermatitis,0.78,3,2
2218174942281598048,eczema_dermatitis,0.66,2,3
2218210235812398625,excluded,,,2
2221727304326920806,excluded,,3,1
2222538238200738819,excluded,1.0,2,3
2223282584038746886,excluded,,2,4
2223808958187995549,excluded,0.41,3,2
2225207911647482943,excluded,,,1
2227029976103690411,excluded,,3,2
2228022684662233862,excluded,,4,4
2233777768793961921,eczema_dermatitis,0.55,3,4
2234370427803686147,eczema_dermatitis,0.44,4,4
2236754577021954519,excluded,,2,2
2239312883179797814,excluded,,3,2
2243877199469466472,excluded,0.99,4,4
224389282779489056,eczema_dermatitis,0.78,3,2
2246676951969602018,normal_other,0.75,3,3
2246832034873836195,eczema_dermatitis,1.0,3,5
2250681725214680225,excluded,,4,5
2251191978268239847,eczema_dermatitis,1.0,6,7
2257050783544548159,excluded,,5,7
2263599735605517680,excluded,,1,1
2263627624101810444,eczema_dermatitis,1.0,3,2
226406777299452208,normal_other,0.55,2,2
2265153482396412066,excluded,,3,1
2268826759148483851,excluded,0.5,2,1
2276328970547094892,excluded,,,3
2277312965706901390,eczema_dermatitis,0.89,2,3
227927129134706308,eczema_dermatitis,1.0,3,2
2279889461199857040,eczema_dermatitis,1.0,2,2
2287632164695684571,normal_other,0.67,4,2
2290342379867388048,excluded,1.0,4,5
2292467831205685850,excluded,1.0,2,2
2301761837727789269,eczema_dermatitis,1.0,3,4
2309307342881153770,excluded,0.82,2,2
2311974363421871372,acne,1.0,3,2
2321167317546489395,acne,0.67,2,3
2321704667922481215,excluded,0.55,1,3
2324790997520759695,normal_other,0.67,4,6
2324900476779413450,eczema_dermatitis,0.99,3,2
2333821966728215038,excluded,,2,3
2337470497572800113,excluded,,,2
2338827762195028424,excluded,,,5
2338919089400814389,excluded,0.82,1,1
2340924818843837455,excluded,,4,4
2341157197891604992,excluded,,2,2
2346463657328001892,acne,1.0,3,4
2349952686375792968,excluded,,5,5
2350839091844504831,eczema_dermatitis,0.79,2,2
23557093565475731,excluded,,,2
2356317801352118180,excluded,,2,1
2359176550304599261,excluded,0.33,4,7
2360024598720355886,excluded,0.67,2,2
2361040866611378852,acne,1.0,2,3
2370389030234448496,acne,1.0,4,2
2370897746492240420,excluded,,4,3
23741761871353999,excluded,,5,7
2375536941875381470,normal_other,0.67,2,2
2375904460531983375,eczema_dermatitis,1.0,3,1
2376909540208988576,excluded,0.55,3,6
2383547606705121100,acne,0.7,3,2
2389185407987087869,eczema_dermatitis,1.0,3,2
2392016141795906025,excluded,0.37,2,3
2395467041394315992,excluded,,3,1
2396825805500069785,excluded,,2,2
2399958022456496252,excluded,0.78,3,5
2402315738072109658,eczema_dermatitis,1.0,3,3
2405900134890460004,excluded,,2,2
2415409301696334628,eczema_dermatitis,1.0,2,3
2421179795965115329,excluded,0.78,2,2
2423832154619234155,eczema_dermatitis,1.0,2,2
2424509211956256280,normal_other,0.57,2,2
2426005272291842267,eczema_dermatitis,0.55,5,6
242842185557521453,excluded,,4,3
2428548180168795187,normal_other,1.0,3,2
2437853527528263332,eczema_dermatitis,1.0,2,2
2445662674516338215,excluded,,3,3
2449169882294231662,acne,0.67,3,3
2449366308142098755,excluded,1.0,2,1
2454679958647547668,excluded,,4,3
2458798159426055234,normal_other,0.73,2,2
2461094725105627345,normal_other,1.0,3,1
2461852500300884127,eczema_dermatitis,1.0,1,2
2462992227064038854,excluded,,,1
2466364176000821696,redness_rosacea,0.82,2,2
2469176356954861538,excluded,,3,4
247563893261607187,excluded,,2,1
2476186720631597836,excluded,0.33,2,2
2479027514739303183,excluded,,1,1
2479491174478710673,excluded,0.66,3,2
2483905380026850165,excluded,,4,3
2487345123495872845,normal_other,0.67,5,4
2492219436936705309,excluded,,3,3
2497418877853065106,excluded,,,2
2497680448814826742,excluded,0.5,3,4
2503643940677084425,normal_other,1.0,,2
2511459874265987044,excluded,,,2
2522251872979086140,excluded,1.0,3,5
2523253119591586327,excluded,,3,2
2524919753535614451,eczema_dermatitis,0.99,2,2
2526508173325859013,eczema_dermatitis,0.79,2,4
2534956598382952907,excluded,,2,2
2539329149254623423,excluded,,,2
254031768834624746,excluded,,6,5
2541250792157192084,normal_other,0.67,2,3
2541701043878450781,excluded,,,5
2544136754732516717,excluded,,2,2
2544728617164619888,acne,0.78,2,2
2546805609403797552,redness_rosacea,0.82,3,3
2550541785097867992,normal_other,1.0,4,1
2551255942474416458,excluded,0.99,4,4
255207051194135479,eczema_dermatitis,1.0,2,1
2552477952067848585,normal_other,1.0,5,5
2555493844930773537,acne,1.0,4,2
2560969760533689549,excluded,1.0,2,2
2562205029494622807,eczema_dermatitis,1.0,4,3
2562611754724897853,eczema_dermatitis,1.0,4,4
2563348798317462632,excluded,1.0,3,4
2566882961234690367,excluded,,,
2567070966843354552,eczema_dermatitis,1.0,2,1
2568994983757403058,excluded,0.66,2,1
2579116040618307144,excluded,,4,3
2587272973956808849,excluded,0.5,4,4
2588243673258291167,eczema_dermatitis,0.78,4,3
2589196630648590712,eczema_dermatitis,0.84,2,3
2590383695347966390,excluded,,,2
2590438816095675472,normal_other,0.78,3,2
259823481436186851,eczema_dermatitis,0.78,1,4
2598954864373561980,excluded,0.86,3,1
2600794538114860588,eczema_dermatitis,1.0,5,4
2606087520572543875,normal_other,0.78,,3
2607836502660297041,excluded,0.66,2,2
2609553985184514463,acne,1.0,2,3
2612069093017318963,excluded,1.0,2,3
2614257351541522232,excluded,0.67,6,7
2618557313531175852,excluded,1.0,3,2
2620539304203771862,normal_other,1.0,6,6
2628409590336232330,excluded,0.66,4,3
2632344213652091222,excluded,0.5,4,5
2634903212622073763,eczema_dermatitis,1.0,4,3
2638844386803404487,excluded,,,2
2638950360148381819,excluded,,,4
2639251888620867402,excluded,,,1
2641441337081410119,excluded,0.65,1,1
2642674397494652844,excluded,1.0,4,3
2644936636482505876,excluded,1.0,1,2
264777229187246806,eczema_dermatitis,1.0,2,3
2652256863698640038,excluded,0.59,3,3
2663078995362173593,excluded,,4,2
2663114976194152701,excluded,,4,3
266503187712568557,eczema_dermatitis,0.99,3,2
2667111593988346734,normal_other,0.55,3,5
266896036315913072,excluded,0.99,2,3
2669401123043295329,acne,0.55,2,2
2670414153543408123,excluded,0.67,4,2
2672822073646079337,excluded,0.55,3,2
2674435979500681513,excluded,,2,3
2677421174492933437,excluded,,3,2
2677463340516165914,eczema_dermatitis,1.0,4,3
2694548651684997841,eczema_dermatitis,1.0,2,2
2696418856835255165,excluded,1.0,2,1
2696483249312319396,excluded,0.5,3,2
2698648866798676998,normal_other,0.55,4,6
2703731886619579739,excluded,,,4
2714130210854287652,excluded,,4,6
2716171289212218373,normal_other,0.67,5,5
2718369759347992161,excluded,,4,3
2718854131676367612,eczema_dermatitis,0.78,4,4
2723647696931718217,eczema_dermatitis,1.0,2,2
272613876458110160,excluded,0.59,3,1
2733682233396209739,excluded,,2,2
2736598056265195695,excluded,0.5,3,3
2741826476838224878,eczema_dermatitis,1.0,,2
2742096116750335909,excluded,,3,1
2742183825454642162,excluded,,4,3
2745337923083433502,excluded,0.33,2,2
2745593098746371055,eczema_dermatitis,0.55,3,1
2748689219312052573,excluded,,2,1
2752723817797113191,excluded,,2,2
2752771322869274900,excluded,,4,3
2758250702794991987,excluded,0.55,2,2
2761523480034690185,excluded,,6,9
2763443020179132709,excluded,,,4
2767490489562550553,excluded,,2,3
2774822906299888049,excluded,0.5,1,2
2777879673019140956,excluded,0.66,2,2
2778499323041887076,excluded,1.0,2,1
2780568995747992963,excluded,,4,2
2781474809771093064,eczema_dermatitis,1.0,3,3
2791317139309563632,excluded,,3,2
2794438463747787756,excluded,1.0,3,4
2802911229827578459,excluded,,2,1
2805659364136146376,excluded,0.66,2,2
2806136371795851468,excluded,,1,2
2816710663668322653,excluded,,3,3
2817614329491612162,excluded,,,2
2819561673735466170,eczema_dermatitis,1.0,4,3
2820953268023918077,excluded,,,3
2827934636455589312,excluded,,4,4
282923208361277809,excluded,,3,3
2830411061557130298,excluded,0.33,2,3
2830927130585428413,excluded,,4,4
2837225222027144453,eczema_dermatitis,0.99,2,2
283989013931127604,eczema_dermatitis,1.0,4,4
2845801414848619921,eczema_dermatitis,0.66,4,3
2846873546429109410,normal_other,0.67,2,1
2847413959437144940,excluded,,3,3
2853336252422395826,eczema_dermatitis,0.67,3,3
2853758836092819320,excluded,,,3
2860837253004146979,excluded,1.0,3,3
2862514195730627482,excluded,0.78,,2
2867448971802595955,normal_other,0.67,3,3
2869137650328636848,excluded,,3,2
2880881602259274107,normal_other,0.67,3,3
2881885876215596950,excluded,,3,2
2883286840345609843,normal_other,1.0,5,3
2890351409108050673,excluded,,3,1
2890652508088666726,excluded,0.99,2,3
2895479525999005295,normal_other,0.78,2,3
2905422513453164163,excluded,,4,2
2907113633408096621,excluded,,5,7
2910125615103250169,excluded,,4,4
2911542453433068160,normal_other,1.0,3,4
2918792631005593556,eczema_dermatitis,1.0,3,5
292707708472175968,excluded,,3,2
2931947680221213339,excluded,,2,3
2934759313746076779,eczema_dermatitis,1.0,5,6
2935100902537927469,eczema_dermatitis,0.75,3,2
2935245303932322231,excluded,1.0,2,2
2937684057184504717,excluded,1.0,2,4
2939602362720938985,excluded,,,6
2942902750715843167,excluded,,5,4
2944557181309740228,excluded,,,4
2951271977602208187,excluded,0.73,2,1
2953757902823202123,excluded,0.66,4,2
2958782824593955943,excluded,0.67,3,3
29603347008403047,excluded,0.33,3,2
2965637129019637191,excluded,,3,2
2966794797640359624,excluded,,3,3
2968650902364227344,excluded,,,3
2975869998074215405,excluded,1.0,2,2
2976050634898768726,normal_other,0.78,2,1
2994433211319435987,excluded,,3,2
2999814188741662326,normal_other,1.0,3,3
3001411411444146079,normal_other,1.0,4,5
300235057254603187,excluded,,3,6
3010893386839206483,excluded,,,2
3016253320150390940,normal_other,0.55,2,2
301646496260193747,eczema_dermatitis,0.78,2,1
3023415219850652814,excluded,0.59,3,3
3026283035103971117,excluded,0.78,1,2
3027955585096410174,excluded,1.0,4,3
3031231183072095332,excluded,,2,2
3036310164882336533,excluded,,3,2
3040361587480027503,excluded,0.67,5,4
3041267335703570009,excluded,,4,6
3041625618307629217,excluded,0.41,2,4
3043670062961372946,acne,1.0,3,3
3045078359659881554,eczema_dermatitis,1.0,,3
3047975416268791327,eczema_dermatitis,0.66,3,2
3048596608278672157,eczema_dermatitis,0.78,3,2
3049133870586342602,excluded,,4,2
3050466672108912400,excluded,,2,2
3054184823275693364,eczema_dermatitis,0.78,5,7
3054349878299838148,excluded,,6,8
3056164123298066482,excluded,,5,4
3074217390886925062,excluded,,3,2
3074771250611273293,excluded,0.67,2,2
307948532622281880,excluded,0.58,5,7
3083550471820565612,eczema_dermatitis,1.0,5,8
308561475369721573,eczema_dermatitis,1.0,2,2
3091892972255068337,excluded,,,2
3092201027240704732,normal_other,0.67,4,4
3096461005902655042,excluded,0.55,2,2
310506922251088187,eczema_dermatitis,0.5,2,2
3105698329449138076,excluded,,,5
3106794672093389538,excluded,,,2
3116379208815310204,acne,0.45,2,2
3120047862086982372,eczema_dermatitis,1.0,3,3
3131320081296493845,eczema_dermatitis,1.0,3,2
3134656173978041613,excluded,,,4
3140482091238147853,eczema_dermatitis,1.0,3,2
3140661908326414602,excluded,0.66,4,5
3141781039761530613,excluded,,2,3
3147497940114201569,excluded,,5,6
3151112408724701096,normal_other,0.86,5,7
3163414710774388120,excluded,,3,2
3164872535037313827,eczema_dermatitis,1.0,2,2
3166199706252873165,excluded,1.0,,3
3168026545757928619,eczema_dermatitis,0.67,2,4
3187288602129376471,excluded,,3,1
318786810547984125,normal_other,0.67,4,6
3191093777676841215,excluded,,,4
3196685170029792231,acne,0.55,,3
3199519649405390852,eczema_dermatitis,1.0,3,2
3202537012170118816,excluded,0.5,3,1
320301340771274565,normal_other,0.82,3,5
3215140093562654281,excluded,,5,3
3215944651782994554,eczema_dermatitis,0.82,4,1
3217705513716567869,excluded,0.5,5,6
3218551981175044835,eczema_dermatitis,0.82,,3
3220590264816582580,excluded,,3,4
3223181572451202564,excluded,,,2
3224503956680363693,excluded,,2,3
3224954486122489674,normal_other,0.69,2,2
3229128760845230044,eczema_dermatitis,1.0,2,2
3231607339220548802,eczema_dermatitis,1.0,3,1
3234028239341011040,excluded,0.67,3,4
3240730878732366749,excluded,,5,7
3245642867582519570,excluded,,1,3
3250783061261436457,eczema_dermatitis,0.6,3,4
3252058551465992298,eczema_dermatitis,1.0,1,2
3252058965740602661,excluded,,2,3
325284060839949957,normal_other,0.67,3,4
3255932031018974383,excluded,0.99,3,3
3260698181977620985,excluded,,,2
3265629636014353715,acne,1.0,4,3
3266341820821651414,excluded,1.0,3,2
3276768494213175963,excluded,0.35,5,7
328125063193095041,normal_other,1.0,3,4
3283837635863557272,normal_other,1.0,,2
3284910091610905412,excluded,0.33,2,1
3299546696242067710,normal_other,0.66,5,5
3301384018375137286,normal_other,1.0,3,2
3304530303509288213,excluded,,3,2
3305560841088201090,excluded,,3,2
3308130032040975373,normal_other,0.55,2,4
331186914439624061,eczema_dermatitis,0.76,3,1
3318646782389326114,eczema_dermatitis,1.0,5,3
3323136652802539796,excluded,,,2
3325626530902480169,excluded,1.0,2,3
3329217024314917014,excluded,0.5,5,4
3331028455841202440,eczema_dermatitis,1.0,2,2
3331154685341604140,excluded,,,4
3331578940136851879,excluded,1.0,3,3
3332282818279676290,excluded,0.41,3,1
3334880499001633627,eczema_dermatitis,1.0,2,1
3338941119938065346,eczema_dermatitis,1.0,4,3
3339725832837689314,excluded,,,3
334358841782839450,eczema_dermatitis,1.0,3,3
3344719328647428829,eczema_dermatitis,1.0,2,1
335278068219577561,excluded,0.66,1,2
3353130354160294123,excluded,,,2
3357713686961187228,eczema_dermatitis,0.89,3,5
335846587626430311,eczema_dermatitis,1.0,3,4
3369398731735733884,excluded,,,2
3370360084614360577,eczema_dermatitis,0.52,2,2
3370992293844034718,excluded,0.67,4,5
3375457960029368063,eczema_dermatitis,0.82,4,5
3376933189734741448,excluded,0.52,2,2
3377161954277647167,excluded,,4,6
3377584127732041409,eczema_dermatitis,1.0,2,3
339612674991011131,acne,1.0,5,5
3397875770673970206,eczema_dermatitis,0.55,2,3
3403912011860231714,normal_other,0.78,4,4
3407433255224010177,excluded,,,2
3413683968657410865,excluded,0.87,3,2
3417665560906144491,excluded,0.56,3,2
3421071033758144752,excluded,,4,3
3423507520383175516,excluded,,3,3
3424670494167965567,excluded,,,4
3427784537813867944,excluded,,3,2
3436234531428852464,excluded,,,4
3440433832353798400,excluded,0.78,1,2
344220635633407294,excluded,0.5,3,1
3446814186303682495,excluded,,5,7
3456134249052492773,excluded,,3,1
3456891911232930877,eczema_dermatitis,0.67,6,9
3458512817755181438,excluded,0.73,3,3
3464793943692011345,excluded,,5,6
3481511979492891340,excluded,,,2
3484176579142737523,excluded,,2,2
348456622289196810,excluded,,,4
3486010781069132796,excluded,,2,3
3489401261164777258,eczema_dermatitis,1.0,3,2
3495349957612312149,normal_other,0.59,3,2
3497614718050260012,eczema_dermatitis,1.0,4,3
3501010281776008056,excluded,,3,4
3505530364410861982,excluded,1.0,,1
3505973849558187912,eczema_dermatitis,0.55,2,3
3508096970709139981,eczema_dermatitis,1.0,3,4
3514236202923061569,excluded,,4,3
3516826648976940003,excluded,,2,3
351764756337097579,excluded,0.5,2,2
3519536096571781569,excluded,1.0,3,3
3519980038781660803,excluded,,4,3
353045255807230865,excluded,,,3
3532420136322864838,excluded,1.0,2,3
3545335442641289520,excluded,,3,4
3546075545466552492,eczema_dermatitis,0.67,2,2
3552493062341420774,excluded,,3,2
3558219423290928384,normal_other,0.82,3,2
3560883711994754354,excluded,,2,1
3561189005885836895,normal_other,1.0,2,2
3581652483865363949,excluded,,,8
3583418830715674476,excluded,,,3
3589274505282818807,excluded,0.6,3,4
3590305844647871469,normal_other,1.0,3,2
3592193595988016117,eczema_dermatitis,1.0,2,2
3593913499071005849,eczema_dermatitis,1.0,3,2
3596099349781140328,normal_other,1.0,3,2
3597368565729364008,eczema_dermatitis,0.48,2,3
3607019658166796007,eczema_dermatitis,1.0,3,1
3607793543431371967,excluded,,2,2
3609551065816654401,normal_other,0.78,1,3
3615760245872726999,excluded,1.0,1,2
3617043208964869115,redness_rosacea,0.64,2,2
3617649945346954163,excluded,,5,8
3618741684615071172,excluded,0.78,1,2
3620202496165227267,excluded,,,1
3623323873565698897,excluded,0.5,1,2
3625927970563316170,eczema_dermatitis,0.78,2,2
3635622745075258323,excluded,1.0,5,7
3639675940546127537,normal_other,1.0,3,2
3640029505808518192,eczema_dermatitis,1.0,3,3
3641213346667363410,eczema_dermatitis,0.74,3,2
3643187724067627614,normal_other,1.0,1,1
3647062779072273249,excluded,,3,3
3647787367005047961,excluded,,6,8
3650551953111278702,acne,0.55,2,2
3664056088050397807,eczema_dermatitis,1.0,6,8
3672035037804163918,eczema_dermatitis,0.78,2,2
3674651721709405257,excluded,,3,5
3677867871302966632,excluded,,3,2
3689027402511974862,excluded,,2,2
3689862615752795245,acne,1.0,5,5
3690588342135769403,excluded,,3,3
369899559078437059,excluded,0.55,2,2
3700423038606474119,excluded,,4,4
3703025959306724787,acne,1.0,3,1
3704811982788331544,excluded,,4,4
3709961426407971963,excluded,,4,4
3713337097779190437,normal_other,1.0,5,7
3715181804754788419,eczema_dermatitis,1.0,4,5
3727615499961645196,excluded,,3,4
3728849453050757216,excluded,,2,3
3730083867318674656,excluded,1.0,2,2
3732279676631518342,eczema_dermatitis,0.77,2,2
3734363760523261685,excluded,,2,4
3737278493271968269,excluded,0.78,3,1
3739207920912029259,excluded,,3,2
3744296519353189886,excluded,,2,2
3747196333779670104,excluded,1.0,1,2
3751140674205808783,eczema_dermatitis,1.0,2,4
3752560243116304711,excluded,0.5,4,4
3753247232154325059,excluded,1.0,2,4
3756269730817286328,excluded,,,3
3758651611823698870,excluded,,2,4
3759951651918931734,excluded,,4,3
3760748392487001143,eczema_dermatitis,0.59,1,1
3767962917453420256,eczema_dermatitis,0.66,2,3
37685811519680675,acne,1.0,4,3
3769301197196891122,excluded,0.33,4,2
3771010840989988902,excluded,,3,3
3774255705985758198,excluded,1.0,3,2
3774816999100131799,excluded,,2,2
3774896316562485802,excluded,,4,2
3779480105884343465,excluded,0.41,1,2
3780428069117229073,excluded,,3,4
3786387065175202086,excluded,,3,2
3792345894543337291,excluded,,2,5
3792608905702846729,excluded,0.99,6,6
3796337557735271757,excluded,,3,4
3798503331105153312,excluded,0.99,1,2
3803756918819861328,excluded,,4,3
3810528029655996921,excluded,,,2
3814734612671367080,normal_other,0.72,2,3
3816694895431136924,normal_other,0.58,4,7
3818341938433690215,excluded,0.79,3,2
3831326209815553185,excluded,,5,6
3840593403086739651,excluded,,3,3
3845976599569109950,excluded,,,3
3846988567346853286,eczema_dermatitis,1.0,3,3
3854838007785418240,eczema_dermatitis,1.0,2,1
3870840865893295464,excluded,,3,2
3871578790621255671,eczema_dermatitis,1.0,4,4
3873481597565978998,excluded,,5,7
3873779680950210012,excluded,0.55,2,1
3877679661085329616,excluded,0.41,2,2
3886909704202223684,excluded,,4,3
388953548978652366,eczema_dermatitis,0.82,4,5
3890764783793729081,normal_other,0.43,2,2
3899516695780399983,eczema_dermatitis,1.0,3,3
390329663626919083,excluded,,,2
3904209653088168276,normal_other,1.0,2,2
3905100936130110268,acne,1.0,3,2
390750603571715651,acne,0.55,4,3
3907804873656496630,acne,1.0,4,4
3907829043678245907,excluded,0.67,3,3
3908037707863400902,eczema_dermatitis,0.79,3,4
3910036176802997486,acne,0.67,1,2
3911133436257776280,normal_other,0.55,4,1
3914126473410086984,eczema_dermatitis,0.67,3,4
3914859093772206420,excluded,0.41,,2
3917475636034669186,normal_other,0.78,3,4
3922965727003280147,excluded,,,5
3923679939537757782,excluded,,4,4
3926727397210732880,normal_other,0.55,3,4
3927167794563159897,eczema_dermatitis,0.55,5,2
3928350965707742232,excluded,0.59,1,1
3934330786494694357,excluded,,4,6
393661975178714315,eczema_dermatitis,1.0,2,3
3946246175824078752,excluded,,2,2
3947352846309906865,eczema_dermatitis,0.99,1,3
3950839687124807995,eczema_dermatitis,1.0,2,1
3951012553454403261,excluded,,6,7
3953313062476254041,excluded,,6,7
395621552216449334,eczema_dermatitis,1.0,2,4
3956928982047564510,excluded,,4,2
3958546394143844695,normal_other,0.67,4,4
3959179709456510264,excluded,0.59,5,3
3959872517423059365,eczema_dermatitis,0.73,2,3
3961072912286390374,eczema_dermatitis,1.0,4,4
3965750638615718701,excluded,,3,3
3974393705105729638,excluded,0.61,3,4
3979770526275633446,eczema_dermatitis,0.59,2,1
3997275141279365557,excluded,,3,3
399794383722131501,excluded,,4,4
3998476769988018648,eczema_dermatitis,0.67,2,4
4002464241643143788,eczema_dermatitis,1.0,3,5
4003807265566333634,normal_other,0.67,2,4
4004541750295193825,eczema_dermatitis,1.0,3,2
4005084675111138686,excluded,,3,2
400823602091867105,eczema_dermatitis,1.0,2,2
4011629718402257639,excluded,,6,8
4012985561197329565,normal_other,1.0,3,1
401637407071036227,excluded,,,2
4025578086861637599,eczema_dermatitis,0.56,3,4
4028764341103818445,normal_other,0.78,3,2
4028963398061607780,excluded,0.5,3,4
4029104988964587991,excluded,0.54,2,2
4032953828420420829,excluded,0.33,2,2
4035466942508602646,excluded,,5,4
4036577256954787587,eczema_dermatitis,1.0,3,3
4037098025477611591,normal_other,0.55,3,6
4038745673767474517,eczema_dermatitis,0.63,2,3
4039144254966056317,eczema_dermatitis,1.0,4,3
4045630925436019833,eczema_dermatitis,0.55,1,2
4051122012442956545,eczema_dermatitis,1.0,4,1
4058082235116220271,excluded,0.33,3,3
4063476157223924560,excluded,0.5,1,2
4064813261018960429,excluded,,1,2
406519606411366771,excluded,0.55,4,3
406830451339834742,eczema_dermatitis,1.0,4,7
4075558898692616523,excluded,,2,2
4077040295335670725,excluded,,4,5
4079291805027836690,excluded,,,1
4088138694893149839,normal_other,0.55,3,3
4093757242794260092,acne,0.67,3,3
4099320029123470053,excluded,,,1
4099619581473509261,excluded,,3,2
4100189009845827583,excluded,,1,
4101257749965063444,excluded,0.33,5,6
4105346287252100917,excluded,,,4
411296532269774614,eczema_dermatitis,0.66,2,2
4114118200793307561,normal_other,0.55,5,7
4116581521009813672,excluded,,,1
4118932128019747471,normal_other,1.0,2,2
4120231489284731550,excluded,,1,2
4122224617524604252,excluded,0.5,4,3
4124130928841272637,excluded,,3,3
4125245881919082551,excluded,1.0,3,2
4125374268211353647,excluded,,,4
4126544670000955846,excluded,,5,8
4131476239264474617,excluded,,,1
4133668967666016070,eczema_dermatitis,1.0,,2
4140410826185492876,acne,1.0,5,6
4148131065686866883,eczema_dermatitis,1.0,3,3
4150612475826322714,excluded,0.66,2,4
4150814201378985637,eczema_dermatitis,1.0,1,1
4151669092355779293,excluded,,,2
4158038749587913137,normal_other,0.67,3,7
4163743239541170511,eczema_dermatitis,0.79,4,2
4164337558517481425,eczema_dermatitis,0.99,1,2
4165954497042374324,normal_other,0.55,3,5
4168491046637541459,excluded,,2,3
4168671109103152917,excluded,0.78,2,4
4169712358256424230,excluded,,4,2
4170369505238565188,excluded,0.5,3,3
4174741067077204848,excluded,1.0,4,4
4175580618962077841,eczema_dermatitis,0.55,4,5
4187958442395238351,excluded,1.0,,3
4188378360577178181,excluded,1.0,5,7
4189491602742739164,eczema_dermatitis,0.78,,4
4199977277685459132,excluded,0.66,4,3
4201330480450077270,excluded,1.0,1,2
4205418876994172531,excluded,,,3
4206573432687684691,excluded,,,3
4206605500785929814,excluded,,5,8
4211028498970634596,normal_other,0.55,2,2
4211680797398835347,eczema_dermatitis,0.55,2,3
4213732975123525246,normal_other,0.67,2,2
4215633443487366134,redness_rosacea,0.71,2,2
421821072677277785,excluded,,6,6
4225047441052378094,excluded,,2,2
422866452062523150,eczema_dermatitis,0.99,4,3
4232801340904799559,acne,1.0,2,3
4243910607926677726,redness_rosacea,1.0,2,3
4248417801020332046,eczema_dermatitis,0.78,2,2
4248509947650410269,excluded,1.0,3,5
425171764735655858,excluded,0.84,3,4
4257640608879712449,normal_other,0.67,3,2
4258453609229625847,excluded,0.65,2,2
4262149032621566100,excluded,1.0,,1
4264014534964962606,excluded,,3,2
4267697052014739744,excluded,,,3
4270768758324371575,eczema_dermatitis,0.88,2,1
4270831411478633884,eczema_dermatitis,1.0,3,2
427630699831712570,excluded,,4,2
4276313574827699447,normal_other,0.66,4,4
4278159265398034547,excluded,,2,2
4281678746282882507,normal_other,1.0,2,2
4284578881759967792,excluded,,,2
4286344291006467189,excluded,0.82,5,6
4296604084486352915,eczema_dermatitis,0.78,2,2
4308656549168040797,eczema_dermatitis,1.0,2,6
4310660787212126738,excluded,,2,5
431779601277885117,excluded,,3,2
4327405114538580520,excluded,0.33,2,2
4328837998610979078,eczema_dermatitis,1.0,6,6
4330288792896749934,excluded,,3,3
4336168799610000274,excluded,0.33,1,4
4336240504062881387,normal_other,0.73,3,4
4336271609065436207,excluded,1.0,,4
4336763682791498907,normal_other,1.0,4,8
4338931421478204823,excluded,,4,4
4348982029543365676,excluded,1.0,3,2
435533256056497300,excluded,,6,5
4357981359906839440,excluded,,3,2
4358008849761455070,excluded,,3,1
436139237363385762,eczema_dermatitis,1.0,2,3
4363027787124947257,excluded,,,2
4364071450798629855,excluded,,,1
4366378313446889304,excluded,,3,2
4368064214409175123,eczema_dermatitis,0.77,2,1
4368867154779951597,excluded,,4,4
4376248412502974034,excluded,0.66,2,3
4378591578924398273,excluded,1.0,1,2
438143701832911692,normal_other,0.78,5,6
4381718773613306732,redness_rosacea,0.67,1,3
4382102740591960808,excluded,0.5,3,2
4391464833076536522,eczema_dermatitis,1.0,2,2
439315396122354873,eczema_dermatitis,1.0,3,1
4395116053214335262,excluded,0.66,2,2
4399950946871375227,excluded,,4,2
4401153446611786293,eczema_dermatitis,0.78,5,8
440388870234634058,excluded,,4,3
4408864411024307516,eczema_dermatitis,1.0,3,3
4410572587371356510,eczema_dermatitis,1.0,2,4
4412120753157054552,eczema_dermatitis,1.0,3,2
4415183841130068283,eczema_dermatitis,1.0,1,2
4415232963533629860,excluded,,2,5
441812726350535151,excluded,,,2
4424266691613340264,excluded,,,3
4424458690494893258,excluded,,4,3
4429759864620822325,excluded,0.73,4,5
4437245759978680835,excluded,,3,4
4440656576854559380,excluded,,,7
4440866921217756505,excluded,0.99,,2
4441607102709228405,excluded,,3,4
444516534650102795,excluded,,3,2
444763995685007646,excluded,0.5,2,2
4454220196027957228,excluded,1.0,3,4
4462720430801649416,excluded,0.65,2,2
4463336892130730813,acne,0.67,3,3
4464981325615987338,excluded,,5,5
4465498137398692256,excluded,,2,4
4474943209945817497,excluded,,,5
4476018835057138765,excluded,,2,2
4482351035791901277,redness_rosacea,0.67,2,3
4483302131123614024,excluded,,3,1
4484444224625964861,excluded,,2,2
449092057976075201,eczema_dermatitis,0.67,4,4
4492254294040064312,normal_other,0.56,3,2
449228683278654744,excluded,,,2
4494188320061426697,eczema_dermatitis,0.67,5,7
4496465657865018232,excluded,,2,2
4497213824147905451,excluded,,3,2
450189662541648968,excluded,,2,3
450266742138995514,excluded,,4,7
4510588466798685934,excluded,,,4
4512114530055735877,excluded,0.78,5,6
4522256363319930050,excluded,0.59,2,2
4526358243900738417,excluded,0.33,3,3
4526601686447943043,excluded,1.0,1,2
4527849666026023929,redness_rosacea,0.5,2,2
4533974333835475534,excluded,1.0,3,3
4534189502966996346,eczema_dermatitis,1.0,2,4
4534906370701159713,eczema_dermatitis,0.67,2,2
4540577831731566580,excluded,0.67,4,2
4540656391871005899,excluded,1.0,4,4
4542497138249879241,excluded,,3,3
4543630614433208219,eczema_dermatitis,0.82,1,3
4544560186927636969,excluded,0.66,3,3
454592664438590294,excluded,1.0,3,3
4552940062620140877,excluded,,4,5
4554657738494117603,eczema_dermatitis,1.0,4,3
455817225119550769,excluded,1.0,2,3
4568350329811966647,acne,0.67,4,7
4568546558823066996,excluded,0.5,3,4
4579647135654823304,excluded,,2,3
4598355047113323649,normal_other,0.82,2,2
4604375301500055555,eczema_dermatitis,0.67,2,2
4606296336773557421,excluded,1.0,3,2
4607429562135167548,excluded,,4,4
4612431587689030172,normal_other,1.0,3,2
461344679725709543,eczema_dermatitis,0.99,3,3
4617799262476322488,eczema_dermatitis,0.82,3,3
4631656125268536766,excluded,,,6
463580210348167212,excluded,,5,7
4636904243048365085,excluded,,1,1
4639578100401351922,eczema_dermatitis,1.0,2,2
4642244126023808342,excluded,0.55,2,2
465147821541515484,excluded,,,5
4651590682609025062,normal_other,0.67,2,2
4651898277938950047,excluded,,2,1
4653155751315316339,normal_other,0.55,3,3
4654428141920150316,eczema_dermatitis,1.0,2,1
4655624241596195161,excluded,,,1
465628915945559990,excluded,,,5
4659499207719336902,excluded,,5,5
4661589930380459281,excluded,,5,8
466560589572785229,eczema_dermatitis,0.82,3,4
4667087707045961077,excluded,0.5,4,4
4668416589759931720,excluded,0.5,1,2
4671625153143541205,normal_other,0.66,1,2
4672738659468200010,excluded,,3,4
4681724446514740962,excluded,0.59,2,4
4683669774378067614,excluded,1.0,5,6
4685334431398213396,excluded,,3,2
4685510455672729449,excluded,,3,3
4685575002898621346,excluded,0.5,1,1
4686243363648561486,eczema_dermatitis,0.88,2,1
4688789948879297517,excluded,,3,2
4696527837840540765,normal_other,1.0,4,6
470478874560118862,excluded,,,3
4706880223998309048,excluded,,,7
4710383719072633979,excluded,,3,2
4713441811380055126,excluded,,2,1
471457932153151103,excluded,,4,6
4716235809681478742,eczema_dermatitis,1.0,2,2
4728669609841894296,excluded,0.5,4,4
4729710689147417157,excluded,0.82,1,2
4731527092242066076,excluded,,,5
4735748123656222129,normal_other,0.78,3,3
4736061808852042077,excluded,,2,1
473855833615036688,excluded,,2,3
4738941544218022155,excluded,,3,2
4739051130365939223,excluded,0.82,2,3
4746226321290369017,excluded,,,3
4758541751537367813,excluded,,,4
4759270076463111761,eczema_dermatitis,0.92,3,2
4766348248671337880,excluded,,3,1
4775570914039571034,excluded,,3,2
4776545721984433702,excluded,,3,3
4776724672679379938,excluded,,3,3
4778582523241081795,excluded,,2,4
4782788080351774173,normal_other,0.66,1,3
4786108022846799044,excluded,0.66,1,2
4789108431219423909,redness_rosacea,1.0,1,3
479227693216973845,eczema_dermatitis,0.58,3,2
4794220152608035550,excluded,0.33,2,2
4794328114598571570,normal_other,1.0,3,3
4798324026738244907,eczema_dermatitis,1.0,5,6
4806337231044817573,eczema_dermatitis,0.78,1,2
4807333818606185992,excluded,,,3
4810733475499877085,eczema_dermatitis,1.0,4,4
4815873873512069453,excluded,,,2
4816595464076517154,excluded,1.0,3,2
482082358265392518,excluded,,2,2
4822461920050961415,excluded,,,2
4827196747403708320,excluded,1.0,4,4
4833224400110375246,excluded,,2,2
48390108403776916,eczema_dermatitis,1.0,2,2
4844458639994129431,excluded,0.41,5,6
4847260805020795077,excluded,0.33,2,4
4847767520813607841,eczema_dermatitis,1.0,2,3
4851798629512515375,eczema_dermatitis,1.0,2,2
4852709849377976169,eczema_dermatitis,0.75,1,3
4853076518472675176,excluded,,2,3
4856040737875090360,excluded,0.33,4,4
4856684765008893013,excluded,,2,2
4860454162307932240,eczema_dermatitis,1.0,2,3
4860862531174713006,eczema_dermatitis,0.66,2,2
4866247469552364871,excluded,,3,2
4876519404118767625,excluded,0.66,3,2
4878085917158962448,excluded,0.54,3,5
4882691326206366692,excluded,,2,2
4882846485354174170,eczema_dermatitis,0.66,3,3
4887602739279190566,excluded,,3,3
4887966460252262963,eczema_dermatitis,0.6,2,2
4890538644279637132,excluded,,2,3
4893150652264612650,excluded,,,2
4898834119557476781,excluded,,2,3
4900891968988159196,excluded,,,3
4902156049186817329,excluded,0.5,3,1
491775121490344740,excluded,,,
4925212504509965956,excluded,0.33,2,3
4925224189229015919,excluded,,3,2
4930292132968630578,excluded,,2,2
4932633661917485236,excluded,,3,4
4936381842311028907,excluded,,2,1
4942503846152312373,excluded,1.0,3,3
4943128061314802945,excluded,,2,3
4944394471941616638,excluded,0.5,1,2
4952453591761677988,normal_other,0.55,3,2
49533260242844678,excluded,,2,2
4960769885033351116,excluded,,,1
4964072480974816269,excluded,0.66,3,2
4973266950939232715,excluded,,4,2
4973633600514562983,excluded,,3,3
4978513969635637288,normal_other,0.82,3,4
497967003749652301,normal_other,0.69,3,2
4981598415135593459,normal_other,0.78,5,3
4981924219389224217,normal_other,1.0,1,2
4991921582782573817,normal_other,0.86,2,3
4992577586454376801,excluded,,2,2
4993069031447294247,excluded,,3,2
4996692884062797282,eczema_dermatitis,0.82,3,3
5016025779516745101,eczema_dermatitis,0.58,2,1
5016136502730858975,eczema_dermatitis,0.43,3,5
5016274447203699216,excluded,,3,4
5018089321558562620,excluded,,3,2
5026803864769974171,excluded,,3,3
5034553214719072022,excluded,,,2
5041314028913469037,excluded,0.33,2,2
505368599485918742,excluded,,,3
505937732814223627,excluded,,2,3
5059478050919622422,excluded,,3,4
5066409661869400714,normal_other,1.0,3,4
5066419107915339209,excluded,,2,2
5069127474605540768,eczema_dermatitis,0.82,2,3
5069708041846817849,excluded,,,2
5072121359054467796,excluded,,3,2
5076807782404182270,excluded,,3,3
5077948372406945999,normal_other,0.55,3,5
507936192112363600,acne,1.0,3,3
5080373528051999153,excluded,,3,4
5080913691893238848,eczema_dermatitis,1.0,3,4
5086266645616326579,eczema_dermatitis,0.67,4,3
5087043265328477556,excluded,,2,3
5091582656290789722,excluded,0.33,4,4
5094972598011039896,excluded,,3,2
5097931092695947304,eczema_dermatitis,0.67,3,2
5098291625066706400,excluded,0.66,2,3
5098858601837283880,excluded,,3,1
5100815424449862591,eczema_dermatitis,1.0,4,2
5103634422680487672,normal_other,1.0,5,7
510380680680160023,excluded,,3,3
5106560956638041339,excluded,1.0,2,3
510810757778572943,excluded,,3,2
5109369845207668682,excluded,,,2
5132519959845057312,excluded,,5,7
5133096466979662132,eczema_dermatitis,0.59,4,4
5134227833320335008,eczema_dermatitis,1.0,5,5
5138940216544545121,eczema_dermatitis,0.68,3,6
5139863137346953540,excluded,,2,2
5140821183232436106,excluded,,,2
5141468748343580219,eczema_dermatitis,1.0,3,1
5141473624942148578,excluded,,2,3
5144967142972753540,eczema_dermatitis,0.5,2,3
5149201952746713995,normal_other,0.55,4,3
5150770098498018960,excluded,1.0,6,8
5152458683356256928,excluded,,1,2
5155663508557040109,excluded,,3,2
5164167076991662974,excluded,1.0,4,4
5164309137096097627,normal_other,0.66,2,4
5168012551942009371,excluded,,4,3
5170912896719474496,excluded,,,3
5170940441793235710,excluded,,3,1
5172327608496351034,excluded,,1,3
5176607633929812465,excluded,0.5,2,2
5179195401986531378,excluded,0.55,2,1
5184862491640617836,excluded,,2,1
5186187447858658738,excluded,,2,2
5186819543473810577,redness_rosacea,0.55,3,3
5187254861336744922,excluded,,,
5189441889815675325,normal_other,0.79,4,4
5193555191815289119,excluded,,,1
519765777751190850,excluded,0.41,2,3
5201107029619829209,excluded,1.0,2,2
520380156389324896,eczema_dermatitis,1.0,5,2
5206521494202002386,normal_other,0.55,2,1
5208342959218766049,eczema_dermatitis,1.0,4,3
521243498156461650,excluded,,5,4
5215259434558337668,eczema_dermatitis,0.78,2,2
5218632832342500942,normal_other,1.0,2,3
5221905184168098660,excluded,0.82,3,4
522333850328332069,excluded,,,1
522633946607200300,normal_other,0.55,2,1
5227299278338452921,excluded,0.78,3,5
5229491612056304607,excluded,,4,6
522956498629505863,normal_other,0.55,2,2
5237006312106515211,normal_other,0.55,2,1
5251370595600898314,excluded,1.0,3,3
5251617852113267669,redness_rosacea,0.53,2,2
5251678538785172984,excluded,,,3
525252332157036266,excluded,,,5
5254912154391653537,excluded,,3,1
5258645229346156312,eczema_dermatitis,0.66,2,2
5262659270909442563,excluded,,3,2
526413182305267074,eczema_dermatitis,0.49,2,2
5264767833936062007,eczema_dermatitis,1.0,,2
5265000675170302582,excluded,,,1
5271771538970840283,excluded,,2,2
5271780602572563758,excluded,,4,5
527190162221473469,excluded,,3,2
5275181661240813075,eczema_dermatitis,1.0,4,5
527749903088227974,excluded,,3,5
528155017263838511,excluded,0.55,3,1
528388804281633511,excluded,,,6
5290183764173856616,excluded,0.67,1,2
529253381989950254,excluded,,3,3
5296404316729128262,excluded,0.79,2,2
5300459600634597424,eczema_dermatitis,0.59,3,3
5304169411078336610,normal_other,0.55,4,4
5304541662818362266,excluded,0.99,3,3
5305014451993946534,excluded,,2,2
5306861032591334542,excluded,,,3
5307689170346550364,eczema_dermatitis,1.0,,5
532342982488973172,redness_rosacea,0.55,2,2
5325534519418168519,redness_rosacea,1.0,3,4
532758767703705539,excluded,1.0,2,2
5328649673855199414,eczema_dermatitis,0.66,1,2
5333597754332194335,eczema_dermatitis,1.0,2,3
5336018037169319124,eczema_dermatitis,0.67,3,2
5337569849424105360,excluded,,2,5
534552877569795226,excluded,,4,4
5345993529885915940,normal_other,0.55,1,2
5347998090431834814,excluded,,,1
5348328447228099084,excluded,0.5,3,2
5351869948896770913,eczema_dermatitis,0.55,2,1
5354931340488676696,normal_other,0.78,4,5
53556697203890367,excluded,,3,4
535980245642543346,eczema_dermatitis,0.8,2,1
5360509223440774467,excluded,1.0,2,2
5361080985667681926,eczema_dermatitis,0.82,1,2
5365816065456248743,excluded,,4,4
5366400551379791972,excluded,,2,2
5369323765494906900,excluded,,,4
5371372967950070637,excluded,,4,3
5373485488810311376,acne,1.0,4,1
5373553049778246864,excluded,,3,3
5380577617354461227,acne,1.0,2,2
5383278245398537608,excluded,1.0,3,1
5384538852737447685,eczema_dermatitis,0.55,3,4
5387035143799276836,excluded,0.5,2,4
5391385053675982134,excluded,,2,2
5392585078061571573,excluded,,,2
5395629424458057084,redness_rosacea,0.55,2,1
5395886735511287776,excluded,1.0,2,2
5396936597310548581,eczema_dermatitis,0.74,5,6
5397033694952403460,excluded,1.0,4,5
5401849228462329257,excluded,0.61,3,6
540262123856998731,excluded,,,2
541005887640606429,excluded,,1,2
5413002568703332110,excluded,0.33,1,2
5415419938996162436,excluded,,2,2
5418161478245383730,excluded,,3,3
542009806433449598,excluded,,5,5
5420139034833530457,excluded,0.5,4,4
5424574047375525541,excluded,0.61,2,2
5429197013372191565,eczema_dermatitis,1.0,2,3
543166546984254596,eczema_dermatitis,0.55,2,2
5432080134505710658,excluded,,,2
5445380190691735912,excluded,,3,3
5450038418416367958,excluded,1.0,2,3
5452689946192283922,excluded,,3,2
5454196086035642390,eczema_dermatitis,0.67,4,3
5461287862238262172,normal_other,0.55,2,3
5464930441224266675,excluded,,3,1
5469444701755263791,excluded,,2,2
5470034056557080362,excluded,0.67,3,3
5474620883199342408,normal_other,1.0,3,2
5475014386524307360,eczema_dermatitis,1.0,3,3
5479341558366073790,excluded,,2,3
5479718965669044595,excluded,1.0,1,2
548070092394385293,excluded,0.82,2,2
5483324975095927683,acne,1.0,3,2
5484285944590914288,eczema_dermatitis,1.0,4,3
549290041135471705,excluded,,5,5
5493923665200853198,excluded,,2,2
5494198810746149410,excluded,,4,2
54970069922413024,excluded,0.67,2,2
550071857279700603,excluded,,3,3
5503737565371784113,excluded,0.67,4,6
5510970278609386802,eczema_dermatitis,1.0,2,2
5515455349045471891,excluded,1.0,4,3
5518990053129063187,excluded,0.78,2,3
5520493584466232726,acne,0.82,2,2
5521865311482085670,excluded,,2,2
5524898147073763514,excluded,,2,2
5529062155503586274,excluded,,2,1
5530574831873823780,eczema_dermatitis,0.82,3,2
5535748166854265201,excluded,,2,2
5542388212308879443,eczema_dermatitis,1.0,3,3
5543261259300869812,excluded,,3,3
5546612363630401960,excluded,,5,7
5551028479981095625,excluded,0.41,1,1
5563974652543586138,normal_other,1.0,3,3
5567081113382937200,acne,0.67,1,1
5567877391200089360,excluded,0.41,2,1
557708960629817572,excluded,0.6,3,5
5577627140680666548,excluded,,,2
5586321102989632118,eczema_dermatitis,1.0,1,2
5588993206815623210,excluded,0.65,3,4
5590334184534809504,eczema_dermatitis,0.82,2,3
5594383424753261035,excluded,0.41,3,3
5599157200623974753,excluded,0.82,,2
5601967810298452879,excluded,,3,1
5604714673774290686,eczema_dermatitis,1.0,3,3
5607945186462654031,normal_other,0.55,1,1
5608217381673437767,eczema_dermatitis,0.55,2,2
5608251794015017596,excluded,,4,4
5616547460191346376,normal_other,0.67,2,3
56220238439136491,excluded,,5,6
562561751881066366,excluded,1.0,3,2
5631214067666296721,normal_other,0.55,3,3
5632157492123174629,eczema_dermatitis,1.0,3,3
5638485555901716918,eczema_dermatitis,0.78,5,6
5642455382471097301,excluded,0.99,2,3
5642859456660035960,eczema_dermatitis,0.78,,4
5644095110238638291,eczema_dermatitis,0.82,3,3
5647140589230449880,excluded,0.78,3,1
564727883902625972,excluded,,1,2
5648339779171772545,normal_other,1.0,,3
5650216753041454696,excluded,,4,3
5652232162459108045,excluded,,,2
5655084809613374725,excluded,,,2
5655540960364786102,eczema_dermatitis,1.0,5,5
5666232087679610822,eczema_dermatitis,1.0,3,3
5672163827496667425,excluded,0.41,5,5
5679024503265242,excluded,0.63,3,3
5684127628939156640,excluded,0.55,1,3
56856107549414564,excluded,,3,4
568621413168058028,excluded,0.93,4,5
5707100410838491934,excluded,0.67,3,7
5707702831794028166,eczema_dermatitis,1.0,3,3
5711995052278432478,excluded,0.5,3,1
5712094336588197231,excluded,0.66,2,2
5713362533043501904,excluded,,2,2
571425829686051606,normal_other,0.59,5,6
5714357888917192302,excluded,,2,3
5720283038957251729,excluded,0.33,1,2
5724570211611162893,excluded,0.78,3,2
5728037008848615215,eczema_dermatitis,0.78,3,3
573388956415217169,normal_other,1.0,5,6
5734226602216125785,normal_other,0.55,2,
5735405458925326543,excluded,,3,2
5735444028555177462,eczema_dermatitis,1.0,3,3
5738363434639114911,excluded,0.82,1,2
5740361175836246381,excluded,1.0,2,1
5745332175467231773,excluded,,,2
5746719202949866434,excluded,,4,4
5746971031254025438,excluded,,4,2
5752777419426160078,normal_other,1.0,3,2
5755211447646565495,excluded,1.0,3,3
5757270424284677695,excluded,,2,3
5759072824389330562,normal_other,0.78,1,2
5761914208822394205,excluded,0.5,3,3
5767337372955128546,excluded,,,4
5769860920727907233,excluded,0.5,2,2
5771554111956214513,eczema_dermatitis,1.0,3,3
578470608580924545,redness_rosacea,0.55,5,6
5785188303126045505,eczema_dermatitis,1.0,2,2
5789065593237671986,excluded,,,2
5794052206163358492,excluded,,3,2
579682856480983647,excluded,1.0,2,2
5804402476916294581,excluded,1.0,4,3
5805001344477274084,eczema_dermatitis,1.0,,2
5810944582602735122,excluded,0.74,4,3
5813599853331212879,excluded,,2,2
5816442523665549473,eczema_dermatitis,1.0,3,4
581680478044802339,acne,0.82,2,3
5820803283917487342,eczema_dermatitis,0.75,2,2
5822618698244721023,excluded,1.0,4,4
5835162322438525871,normal_other,0.78,2,1
5837921410652230755,eczema_dermatitis,0.82,2,1
584355901132193714,excluded,0.5,3,5
5851094713437888060,excluded,0.67,3,3
5855500541069616114,excluded,,3,3
5855827329689402745,excluded,,4,2
5856718369555838538,excluded,,4,4
585766306976121749,excluded,,3,1
5857944633962909834,excluded,,3,3
5858206430170814591,eczema_dermatitis,1.0,1,2
5860273987237745162,excluded,,,2
5862573786547566792,excluded,,3,2
5863633880174025036,excluded,,4,6
5866868960471089698,eczema_dermatitis,1.0,4,3
5867926442818554193,excluded,,2,1
5869127911264920384,excluded,,,1
5871437922602067244,excluded,,5,6
5871690704476569950,eczema_dermatitis,1.0,3,4
5874158619662441175,excluded,0.78,1,2
5877628635379341339,excluded,,2,1
587943405049675191,excluded,0.59,5,7
588393340755112696,normal_other,0.67,3,4
588529798435401035,excluded,0.55,3,4
5885480633888728240,excluded,0.33,2,2
5889346702438178384,acne,0.55,3,4
5897554782896604191,eczema_dermatitis,1.0,3,2
5905650088890980532,excluded,1.0,3,4
5905779261779123217,excluded,,2,1
5909966583908308949,acne,1.0,3,2
5910078262917901101,excluded,,,2
5918680068331976877,eczema_dermatitis,0.9,2,2
592212176290718113,eczema_dermatitis,0.88,2,3
5922488802326408994,excluded,1.0,4,6
5924061893697294738,excluded,,4,4
5929306581190544972,excluded,,,2
5931813240288314813,excluded,,,2
5934517756964685033,eczema_dermatitis,0.66,3,4
5936306006842485858,eczema_dermatitis,0.78,2,3
5945891408407725238,eczema_dermatitis,1.0,2,3
5959477013009601039,excluded,,1,1
5962177080586204362,excluded,,3,2
5965535242678138196,excluded,1.0,4,2
5967291392940940280,excluded,,5,5
5967600784132973233,excluded,,5,3
597372832999055528,acne,1.0,3,3
5974525857587806349,excluded,,2,2
5980412838921896387,excluded,,3,1
5980660807155630682,excluded,0.68,4,3
5981514570197697361,excluded,,4,3
5984082949385568262,excluded,,2,1
5985435027145893429,normal_other,0.54,2,3
5989205685718669974,excluded,,3,3
5989631002929108138,excluded,,2,2
5993828896499862551,excluded,,3,2
5994641254627791878,eczema_dermatitis,0.75,3,2
5994807175347678345,excluded,,,2
5994980676917963050,acne,0.55,1,3
6004414865791148221,acne,1.0,3,4
6005706041180627465,excluded,0.66,2,3
6011230318703013427,excluded,,3,3
6013382414004267025,normal_other,0.73,2,2
6013998920698973819,excluded,,3,4
6015779833601054917,excluded,0.57,2,1
6020860423123357954,excluded,,1,5
6029287265006462033,excluded,,2,3
6030765418480115554,normal_other,0.67,,2
6046556316163495297,excluded,,,3
6049746348803202577,eczema_dermatitis,0.55,2,3
6050019040579522081,excluded,1.0,2,2
6053816641832908952,excluded,,,5
6055835778532338513,eczema_dermatitis,0.99,3,1
6060334855367071181,normal_other,0.78,1,2
6066330458740955122,excluded,,2,2
6075470705800251807,excluded,0.82,1,4
6081229272970663639,excluded,0.66,2,2
608200241997967541,excluded,,5,5
6084095101367283122,eczema_dermatitis,1.0,,2
6089706399885906315,excluded,1.0,3,3
6090377301690995036,eczema_dermatitis,1.0,3,2
6091469639755832100,excluded,,1,2
6100065089677232943,excluded,,,4
6105762061926218614,eczema_dermatitis,1.0,4,4
6118875084394520746,excluded,,2,1
6122442396049697329,normal_other,1.0,,2
6127302648155128189,excluded,0.82,4,5
6135297886002982996,excluded,,,3
6144335021487759808,excluded,0.67,3,2
61468711460774041,eczema_dermatitis,0.99,5,6
6148765009257671062,eczema_dermatitis,1.0,4,5
6154646263872034128,excluded,,,3
6155123369039892374,excluded,,,5
6155949970537549254,eczema_dermatitis,1.0,5,6
6156934481809923013,normal_other,0.67,3,3
6160911449600647098,excluded,0.73,3,3
6164498714829238815,acne,0.55,2,2
6165277088916834017,eczema_dermatitis,0.66,2,3
6167025301817280836,eczema_dermatitis,0.78,5,8
616953236969426266,excluded,0.52,2,3
6170068202919156627,excluded,,3,9
6171313367386993843,eczema_dermatitis,1.0,3,3
6177577870032696903,excluded,0.58,4,5
6178225972489337883,eczema_dermatitis,1.0,1,3
6179262866346286996,eczema_dermatitis,0.78,,2
6179630048273011996,eczema_dermatitis,0.66,2,2
6187599565637023570,excluded,,6,7
6191527294440585937,excluded,,5,6
6195034273183810114,excluded,,1,2
619560592679624349,normal_other,0.59,2,1
6200347447083795397,excluded,,,2
6206724533686869057,excluded,0.41,2,3
6208217584836189344,excluded,,3,2
6214718438034320879,eczema_dermatitis,0.87,2,4
6217617416092975103,excluded,,3,2
6217701841771476491,excluded,0.99,3,6
6227747699238901445,excluded,0.33,4,3
623328599800724633,excluded,,2,3
6236077446945003365,excluded,,4,7
6238749299099064363,eczema_dermatitis,0.67,2,2
6239403484086737017,excluded,1.0,3,3
6240770432034936772,excluded,,3,2
6240884851332946220,excluded,,3,3
6247279156831164763,excluded,,4,3
6247980772242395957,excluded,0.73,2,2
6251567938156488914,excluded,,5,8
6261221077877697535,excluded,1.0,5,1
6262009518740273931,normal_other,0.55,,3
6262885913124679868,excluded,,5,6
6264627799884048451,normal_other,0.67,5,3
6267432979357389491,normal_other,0.55,,3
6268951823845269617,eczema_dermatitis,0.52,3,4
6270182421348040739,eczema_dermatitis,0.45,5,8
6273424339491271562,normal_other,1.0,5,5
6287597694596559141,excluded,0.82,2,3
6290255913792242947,eczema_dermatitis,0.66,3,1
6291115674189943453,excluded,,,6
6294720988075573035,excluded,,3,2
6295162652404242830,excluded,0.77,1,1
6296216387720846689,redness_rosacea,1.0,2,2
6298538191125085562,normal_other,0.67,5,5
6304530532504424554,excluded,0.66,3,1
630611705847776069,excluded,,5,5
6307356108547346224,normal_other,0.55,1,2
631699876057844098,normal_other,1.0,4,4
6317542003263234425,eczema_dermatitis,0.78,1,2
6319440246993113967,excluded,,,4
6321320097219260140,excluded,,,2
6325516616043844557,acne,0.55,5,2
6331537126892600822,acne,0.55,2,2
6335001195578770081,excluded,,4,5
6338096152676330894,excluded,,3,1
6340097760137207687,excluded,1.0,5,6
6343427293036790927,normal_other,0.67,3,3
6344343779711270269,excluded,,4,6
634565329435007721,excluded,,2,3
6346810280364957510,excluded,1.0,3,4
6347677850823564715,excluded,0.5,2,3
6347971376665869170,normal_other,0.67,3,2
6348612866892211480,excluded,,3,2
635063746692759317,excluded,,2,5
6354078969559907855,excluded,0.66,1,2
6355469165466318386,excluded,0.78,2,4
6359230714617803548,excluded,,3,2
6359749307485054893,eczema_dermatitis,0.67,3,2
6367786730642246474,excluded,,4,7
6369432702840679213,excluded,,,3
6374340680682834421,excluded,1.0,3,2
6375712412426372068,excluded,,4,4
6383063947856657975,excluded,0.73,,5
6386040824107040991,excluded,0.5,,2
6386821737339104372,excluded,,1,4
638722916707851230,eczema_dermatitis,0.55,4,3
6393890911061112990,excluded,1.0,4,4
639702687679860432,excluded,0.74,3,5
640979684609472844,excluded,0.78,1,3
6411099091037930319,eczema_dermatitis,0.67,4,5
6415504144508898342,excluded,,1,2
64157285952102857,eczema_dermatitis,0.67,3,4
6417054567822131010,normal_other,0.55,3,3
6417162415318409642,excluded,,3,4
6418355199907484514,excluded,1.0,2,3
6433189336738942980,excluded,,,4
6435209656777242644,acne,1.0,3,1
6438118055576497978,excluded,0.67,3,4
6445721484338638524,eczema_dermatitis,1.0,5,9
64481137734789825,excluded,0.39,3,2
6451418131792518135,normal_other,0.55,2,2
6453036977969108074,excluded,0.78,4,6
6455730641986061089,eczema_dermatitis,1.0,4,2
646490601474790103,excluded,,,2
646799631681990962,normal_other,1.0,2,2
6472790647009236496,excluded,,2,1
6477963367939070379,eczema_dermatitis,1.0,2,3
6478808856238069889,eczema_dermatitis,0.99,,3
6481223007263450857,normal_other,0.78,3,4
6482233777207261935,excluded,,4,4
6482439711906986616,excluded,,,1
6487990429323990412,excluded,,5,2
6488248846806075671,excluded,1.0,4,3
6492500769038539860,excluded,,,2
6493256759329924144,normal_other,1.0,4,2
6495810299188613611,eczema_dermatitis,0.67,3,1
6497616863106691573,eczema_dermatitis,0.67,1,2
6499319596721550753,excluded,0.82,1,2
6502156328163784414,excluded,0.41,4,4
6502251904572417203,excluded,,4,4
6502303333756025967,excluded,,3,3
6515246538929887996,excluded,,2,3
6515291515799861767,excluded,1.0,2,3
6527306476712657067,eczema_dermatitis,0.55,2,4
6528688602196122137,excluded,,,2
6530354587176994366,excluded,,3,3
6531930980591892054,excluded,,3,2
6536128111500436890,excluded,,,6
6537948979061643109,excluded,,4,2
6539080302481758483,normal_other,1.0,2,6
6542939232597035090,excluded,,4,2
6555279555410165741,normal_other,1.0,3,2
6556026875238859973,excluded,,3,2
655751619108090615,excluded,0.33,2,1
6560974959424076629,normal_other,0.82,3,5
6564125194979270985,acne,0.81,4,5
6565997786593076076,excluded,0.89,5,3
6569618475145075071,excluded,,1,2
6574355812993558980,excluded,,,4
6580871946392830200,excluded,0.5,3,3
6581614902116054259,eczema_dermatitis,0.99,5,6
6582189186309415650,excluded,,,3
6586141413034658292,excluded,,2,2
6586688176069159782,excluded,,5,7
6588231721150624914,excluded,0.51,3,3
6591536329544096007,excluded,,,3
6592267744694757863,normal_other,0.67,3,3
6602711529722274879,excluded,0.33,1,2
660594070364677443,excluded,,3,3
6607898853419133285,excluded,,2,2
6609314029368749758,excluded,0.5,4,2
6610442252642332209,excluded,1.0,,1
6612592306695617583,eczema_dermatitis,1.0,3,1
6613415555725146365,excluded,,5,7
6618135399182160789,excluded,,,2
6619530900668871773,excluded,,2,2
6619556423864731726,excluded,0.55,3,4
661967730369477382,excluded,,2,2
6620185406881342210,excluded,0.5,1,1
6628370727671917162,excluded,,,3
6628525833933575267,acne,0.67,4,3
6628616317931292707,eczema_dermatitis,1.0,3,2
6631843639016190189,eczema_dermatitis,0.66,2,2
6632198109542532087,excluded,,,2
6633711489961225934,eczema_dermatitis,0.73,1,1
6636263859615375306,eczema_dermatitis,0.44,3,1
6640367000431650494,excluded,1.0,4,7
6646131938178970672,excluded,1.0,3,3
6651883265161294231,excluded,0.5,,1
6652301535878952942,excluded,0.73,3,4
6657145439277621297,eczema_dermatitis,0.88,2,2
6657985684544725296,eczema_dermatitis,1.0,4,5
6659219792759639831,eczema_dermatitis,1.0,4,1
6659875776791910345,eczema_dermatitis,0.99,2,1
6660150832770676554,excluded,,5,8
6675143408858735444,eczema_dermatitis,0.78,2,3
6685108401688947535,excluded,1.0,5,3
6687632581010179415,eczema_dermatitis,1.0,3,2
6691291750986670327,eczema_dermatitis,1.0,2,2
6699917053211603119,excluded,0.66,,2
6706936975924217543,excluded,,2,1
6712413870544266528,acne,1.0,2,2
6716299045112413623,excluded,,6,8
6716316847555471889,excluded,0.67,3,2
6720999277312022751,excluded,,3,4
6724188328298483199,eczema_dermatitis,1.0,4,4
6725055705130220235,excluded,,,1
6734639099366451232,eczema_dermatitis,0.78,3,2
6734790394373040779,eczema_dermatitis,1.0,3,4
6745687395410431516,excluded,,,4
6746387561468232168,excluded,,,3
6748578966787016607,excluded,,,3
6750125655041851323,excluded,,5,6
6750431783307123596,excluded,,,2
676044598877462780,excluded,,5,9
6762980127945112427,excluded,,,4
6763830271451990478,excluded,,,1
676796763538596097,excluded,0.82,2,3
6771200592302422228,eczema_dermatitis,0.73,3,4
6771283846992121722,eczema_dermatitis,0.5,2,2
6774801511328718789,excluded,0.33,3,3
6776202438792784405,normal_other,0.55,1,1
6776816012413103041,excluded,0.66,2,1
6779454490777132491,eczema_dermatitis,0.66,2,3
678530453219406413,eczema_dermatitis,0.66,3,3
6786503928037555227,excluded,,3,2
6786994375003147550,normal_other,1.0,3,4
6788446465238429287,excluded,0.59,2,2
6792141897564284587,eczema_dermatitis,1.0,3,5
6794523029823157708,excluded,,3,2
6797330158744638170,excluded,,5,5
6807701980410857407,excluded,,2,1
6809243309702270506,normal_other,0.78,3,2
6811082803205502222,eczema_dermatitis,1.0,3,3
6813528661648037419,excluded,0.5,4,4
6816620786682316431,normal_other,1.0,2,2
6824300596354925479,excluded,,4,3
6830344748447069687,excluded,,3,3
6830532847787111027,normal_other,0.67,5,6
6833735103241008862,normal_other,0.57,3,1
6834055786198800132,excluded,,3,1
6834657071854033424,excluded,,3,2
6843477794768982741,eczema_dermatitis,1.0,2,2
6846540736331019855,excluded,,2,2
6848859323678443265,excluded,,,4
6852533470111150420,eczema_dermatitis,0.47,2,3
6854967371797001970,excluded,,5,4
6857595741723301953,acne,1.0,2,2
686385894502278518,eczema_dermatitis,1.0,2,1
6866533577848018288,excluded,0.99,2,2
686705128871525960,eczema_dermatitis,0.8,2,2
6868042259667551510,eczema_dermatitis,0.67,4,6
6869194189201531596,excluded,,,4
6870677882226077167,excluded,0.82,2,2
688226248701632218,excluded,0.67,3,1
688514674509392111,excluded,,,1
6886983180384047204,acne,1.0,2,2
6888555102487653108,eczema_dermatitis,0.99,3,1
6888944791448553400,excluded,1.0,2,2
6890284886068672473,excluded,0.5,2,1
6893125526720205465,acne,0.67,3,4
6894504397941242248,excluded,,,
6895673026676201733,excluded,,2,1
6898206003824494537,excluded,1.0,1,3
6905822377340514025,excluded,0.5,2,2
6911867960005224203,excluded,,,1
691205466194376511,excluded,,3,3
6920768133327802456,normal_other,0.55,2,2
6922288964382146711,excluded,0.78,2,3
6923708651560535645,eczema_dermatitis,1.0,5,6
6927146015218290329,normal_other,0.55,2,2
6927294925729010190,excluded,,2,3
6931274640605130092,excluded,1.0,5,3
6938731351808612684,excluded,1.0,,5
6940377893753972358,eczema_dermatitis,1.0,2,3
694491321940469915,excluded,,2,1
6949939030156910530,excluded,,3,3
6950900937525391031,eczema_dermatitis,1.0,1,2
6962830424307768185,excluded,,4,6
6965753912815389556,normal_other,1.0,3,2
6966946652964027410,excluded,1.0,3,5
697357039728625523,excluded,1.0,,5
6978248153770900528,eczema_dermatitis,0.78,2,3
6979125613929336338,excluded,,3,2
699107891649980076,eczema_dermatitis,0.56,4,6
6997401234513151920,eczema_dermatitis,1.0,3,6
6999722141478623132,excluded,,,2
7000652068439883933,excluded,,3,3
7000915415100490983,excluded,,3,2
7002508655843923344,eczema_dermatitis,1.0,2,2
7004815790618258569,excluded,1.0,4,2
7012247028724110226,excluded,0.67,1,1
7013810374213366895,excluded,1.0,2,1
7014664504365367579,eczema_dermatitis,0.73,4,4
7016019628017771783,excluded,,3,3
7016150648147062029,eczema_dermatitis,1.0,2,2
7017910132346459992,excluded,0.5,3,2
7024069032652138742,excluded,,,2
7031480553990630291,excluded,,2,2
7037482723949015349,excluded,,,3
7041987018660879909,eczema_dermatitis,0.67,4,5
70450900473269645,eczema_dermatitis,0.74,3,4
7047219918882635166,excluded,,6,8
7055510379477961161,excluded,1.0,5,7
7059396862524296851,excluded,,2,3
7065103690130891995,excluded,0.78,1,3
70742500747672859,excluded,,4,3
7074318464321054653,eczema_dermatitis,1.0,2,1
7080229892107845400,excluded,,4,3
7083058950886636454,excluded,0.44,3,2
7085783919279987029,excluded,,5,6
7089137012855627786,normal_other,0.55,2,3
7090511735971977386,excluded,0.54,2,2
7099728311668861821,excluded,,3,2
7099747139908911422,excluded,,4,5
7107215434501477246,excluded,,,2
7109119023737070922,eczema_dermatitis,1.0,2,2
710973518737806848,excluded,,,4
7110157417351714609,excluded,,2,1
7113197141520215257,excluded,0.58,3,2
7115140927491287715,excluded,,2,3
7120026547390926334,eczema_dermatitis,1.0,3,1
7122286308659487401,excluded,,2,1
7124228794327999814,excluded,,3,2
7129121362374360233,excluded,0.55,3,4
713531290049695300,excluded,0.41,2,4
7139679181762055865,excluded,,3,2
7141613579752606421,excluded,0.66,2,2
7144842245725764407,eczema_dermatitis,1.0,2,2
7148753940245439812,eczema_dermatitis,0.52,2,1
7150250781867601017,excluded,,,2
7151606719275056352,eczema_dermatitis,1.0,3,2
7159181600022553070,excluded,,6,8
7163186229337624094,excluded,0.84,2,2
716605922062379448,excluded,,,
7168721207638666394,eczema_dermatitis,0.67,3,3
717306496434996909,excluded,,2,2
7176461562946921192,eczema_dermatitis,0.69,3,5
717659986857882997,normal_other,1.0,4,4
7178750694328125579,excluded,,2,3
7180254707598907527,excluded,1.0,2,3
7182845330065064980,excluded,,3,2
7183833784168716616,excluded,0.99,3,2
7184490349126017316,excluded,,4,6
7184512735877275632,excluded,1.0,,4
7184684249603937869,normal_other,0.73,2,4
7185281077300468110,excluded,,,2
7186873815594515823,excluded,,,2
719360185370757473,excluded,,2,2
7194401178742364,eczema_dermatitis,1.0,3,1
7202299462338645173,excluded,1.0,2,3
720266459463264671,excluded,0.78,4,3
7220922374529634547,excluded,0.5,4,1
7222887449293528213,excluded,,3,4
7225966617794405316,excluded,,,2
7230755869642234629,excluded,0.5,3,3
723119062119790865,excluded,,4,1
723321381619482611,excluded,,,6
7235439692769072121,eczema_dermatitis,0.66,3,3
7248955316252325726,excluded,1.0,4,6
7254057170645074656,excluded,,3,4
7255239130670710022,excluded,,4,3
7255812181920159945,excluded,0.61,5,6
7256574457305750487,excluded,0.85,3,1
7264554845156707334,excluded,1.0,3,4
7270064598218888944,eczema_dermatitis,1.0,4,6
7272626524114962727,excluded,,,1
72764438312620713,excluded,0.67,4,5
7276666882562621141,excluded,,1,1
7277524144843033849,excluded,,4,6
7279312950410843093,excluded,1.0,3,5
728144289746942042,normal_other,1.0,2,2
728238399809275411,excluded,,2,1
7288202075299433016,redness_rosacea,1.0,2,2
7290196445019508039,normal_other,0.67,2,3
7296849671115781888,excluded,,3,4
7298388462353165047,excluded,0.78,3,3
7303749197675363359,eczema_dermatitis,1.0,1,3
7315911277383529493,excluded,,,
7327821802957291496,eczema_dermatitis,1.0,4,4
7329309459020325272,excluded,,2,1
7330209143801668860,excluded,,6,6
7335352562710103178,redness_rosacea,0.7,2,2
7346307195670230922,eczema_dermatitis,0.67,1,3
7347419344161762585,excluded,0.5,4,3
7359802333354670210,excluded,1.0,2,2
7361347661641208429,normal_other,0.42,3,2
7373184619514624022,normal_other,1.0,1,1
7373281267304458232,excluded,,,2
7375378820280763393,excluded,0.5,2,2
7379308387271244241,normal_other,0.99,3,3
7383710398840233753,excluded,0.55,4,5
7383954048467074882,eczema_dermatitis,0.79,3,3
7384973860134767193,eczema_dermatitis,0.55,3,3
7392803842302734613,excluded,,,2
7393897423144314311,excluded,,1,2
7406787613611754011,excluded,0.59,3,2
7409367224715779969,excluded,,5,5
7409775059186411882,excluded,,,5
7417464969081725029,eczema_dermatitis,1.0,4,4
7418859570637079189,excluded,0.67,3,3
7438689171480306120,eczema_dermatitis,1.0,1,2
7446096451462785256,eczema_dermatitis,0.67,2,4
7447258948446790539,excluded,,1,1
7463553353557413034,eczema_dermatitis,0.66,3,2
7463747331715959276,excluded,,2,2
7466346362776293226,excluded,0.78,2,2
7466566024884490915,excluded,,3,2
7470478986187106035,eczema_dermatitis,1.0,3,2
7470753163165785961,excluded,0.33,4,4
7472045567380672261,excluded,,4,3
747229216099013468,excluded,,4,5
7475609330116391556,excluded,1.0,4,4
7477906497801637159,excluded,1.0,4,4
748180716866039966,excluded,1.0,3,3
7481898033541383122,eczema_dermatitis,1.0,4,3
7484472303618713500,excluded,,,3
7484797722894632539,normal_other,1.0,3,5
748522260497776973,normal_other,0.67,3,3
7492234621272268742,eczema_dermatitis,1.0,2,3
7492429969609696054,normal_other,0.66,2,3
7494633112569640962,excluded,,3,1
7498531212585507312,excluded,1.0,3,1
7502150881881139289,excluded,0.5,2,1
7504931441531599085,excluded,,3,4
7508590302194975664,excluded,,2,3
7510144370582011689,eczema_dermatitis,1.0,2,1
7513738175913196155,normal_other,0.78,5,3
7516565225548455307,excluded,,2,2
7516656096665630131,eczema_dermatitis,1.0,2,3
7518955504313873550,normal_other,1.0,3,2
7520936203316666171,excluded,,,2
7522023706197360462,excluded,,,2
7524348893197902230,excluded,0.5,3,4
7525581487594756530,acne,0.67,2,2
7526719171509417827,eczema_dermatitis,1.0,3,5
7530181678510252673,eczema_dermatitis,1.0,2,1
7531598251843189572,acne,0.62,2,3
7539490755102451113,excluded,1.0,1,1
7540066266827116372,excluded,,,3
7542819626764126218,excluded,1.0,3,5
754701114045540779,excluded,0.66,2,2
7547636948083772648,excluded,0.5,3,1
7554448822348994067,excluded,,,2
7555277930479653112,normal_other,1.0,3,2
7556612673991404518,excluded,,4,2
756421321362558186,normal_other,0.55,2,3
7565033547442364267,excluded,,4,6
7569024588213798475,excluded,,,7
7571584441951083699,excluded,1.0,3,5
7575087341348739013,excluded,1.0,4,2
7578325919385387260,excluded,,2,1
7582112913523360713,acne,0.57,2,2
7583101550894209107,eczema_dermatitis,0.9,2,2
7586686040225873699,excluded,1.0,2,2
7587831728938276717,eczema_dermatitis,1.0,3,3
7589120847935248859,normal_other,1.0,4,4
7590229348454867780,excluded,,4,5
7591093086010333707,excluded,1.0,3,2
7595933408474634117,normal_other,1.0,3,4
7601078898751686877,excluded,,2,2
7604489673929377496,excluded,,1,1
7607709554728180063,normal_other,1.0,2,1
7607772708674093457,excluded,0.78,2,2
7610525890016915427,excluded,,,2
7615814465118129980,excluded,,,3
7624665106685351170,excluded,,3,4
7633840003017917949,excluded,,,2
7636687047776991161,excluded,0.55,3,4
7637739998430764928,excluded,,,2
7644111098487913818,excluded,,3,4
7649254551787655826,excluded,,6,7
7652915210617239556,excluded,,,2
765389002081442977,excluded,0.66,1,2
7655489504192286547,excluded,,,2
7655777768908063646,excluded,,3,4
7658702570302360524,eczema_dermatitis,0.57,5,7
7661191157861721882,excluded,,3,2
7674790120161506871,excluded,1.0,3,2
767876981390503130,excluded,,2,2
7681559784608965196,excluded,,3,1
7682157759013654664,eczema_dermatitis,0.66,,2
768910775918339350,excluded,,2,2
7691923901520391142,excluded,,3,6
7692619799866482955,excluded,,,3
7692639177717688478,excluded,,4,4
7693220514236792335,excluded,0.5,3,4
7696895576315201202,eczema_dermatitis,0.55,5,7
7701107720886548973,eczema_dermatitis,1.0,2,3
7701544214577195662,excluded,0.78,2,2
7702895875693585925,excluded,,3,3
7710746745920131018,excluded,,2,3
7722204000693864047,eczema_dermatitis,1.0,2,3
7722259034419551319,excluded,0.66,,2
7724331636923844141,excluded,,2,2
7725066030795313246,excluded,,,
7725839505462261463,excluded,,3,4
7727561439574363847,excluded,,2,2
773968196160186704,eczema_dermatitis,0.73,4,5
7739971048941884151,eczema_dermatitis,0.66,3,3
7749309406145954049,excluded,,4,3
7750207607646915521,normal_other,1.0,3,2
7750977232516971192,eczema_dermatitis,1.0,5,6
7751478719951791194,excluded,,2,3
7753271355461561913,excluded,,,2
7753346953509825672,excluded,0.82,2,3
7754333012238295111,eczema_dermatitis,1.0,3,3
7756697204567187893,excluded,,1,3
7759314623352732303,excluded,0.82,1,1
7760767852413422113,excluded,,2,2
7761215754049651872,excluded,,,2
7766253481783555886,eczema_dermatitis,0.66,1,3
7771035470746933413,excluded,,5,5
7773815655627062822,excluded,,,3
7775193918285888974,excluded,,3,2
7777133227591406533,eczema_dermatitis,1.0,2,2
7791538138327469326,eczema_dermatitis,0.82,1,2
7795095055139932194,excluded,0.5,,
7800024012977097232,excluded,,3,2
7800807228755624583,eczema_dermatitis,0.67,3,3
7803590863439539071,excluded,,,6
780549081227654946,excluded,0.33,3,3
7807211063093162991,excluded,,3,3
7821303425268435463,excluded,,,1
7823386482115222997,acne,1.0,2,2
782573551119636259,normal_other,1.0,2,4
7830533563007888663,normal_other,0.78,2,1
783060102460426052,eczema_dermatitis,0.66,1,2
7832627204638793619,excluded,,3,1
7834516257211580148,excluded,,1,1
7838851775124749780,excluded,,,2
7839050789133028498,eczema_dermatitis,0.78,2,1
7847072988135265602,eczema_dermatitis,0.55,3,5
7850202374828713995,excluded,,,7
7850986032970791156,excluded,,4,4
7851309414405414086,excluded,,5,7
7852465164599698161,eczema_dermatitis,1.0,3,4
7852655105845680010,excluded,1.0,4,6
785671387459087355,excluded,,5,5
7866158614607619089,excluded,1.0,2,4
7868932015624377824,excluded,,3,2
7869205072791433100,eczema_dermatitis,0.55,5,5
7870109801780410868,eczema_dermatitis,1.0,2,2
7874605061369505089,excluded,,3,3
7874847100107059813,normal_other,0.55,3,6
7876965016173365298,excluded,0.82,3,
787716096603087406,excluded,,3,2
7890977335291622439,eczema_dermatitis,1.0,3,3
7891416131138101639,acne,0.58,4,5
7900792660563069769,eczema_dermatitis,1.0,3,3
790360683690520778,normal_other,1.0,3,2
7907395960282293492,excluded,,5,5
7916729161811740025,excluded,,,3
7917062872520330719,excluded,,,4
7917317025299323107,normal_other,0.78,2,3
7920406759212723280,eczema_dermatitis,1.0,2,4
7920427985968098279,excluded,,2,3
7923472895998579995,excluded,,3,2
7923575700733709056,normal_other,0.67,4,7
792402490224297680,eczema_dermatitis,0.78,2,2
7925071297141691264,excluded,,4,4
7925347571055295954,eczema_dermatitis,1.0,2,3
7928853819764469103,excluded,,2,3
7932959581570724275,excluded,,,2
7936037408192475668,normal_other,1.0,2,2
7947608117900318142,excluded,,4,3
7948232149813529685,eczema_dermatitis,1.0,3,1
7956606283659714888,excluded,0.33,2,2
7957037724011770922,eczema_dermatitis,0.71,2,2
7958006987520957648,excluded,0.33,3,4
7960457666530672586,normal_other,1.0,2,1
7961348642949899511,eczema_dermatitis,0.82,3,3
7963100250179948241,excluded,,4,3
7969479584628963549,normal_other,0.76,4,5
7973093392610552693,excluded,,6,7
7978747053447862871,excluded,0.78,2,2
7978885371689049684,excluded,,,
7980346475722528081,acne,1.0,3,2
7983041740241787870,excluded,,3,2
7983361504090468022,excluded,0.5,2,3
798779969514304987,normal_other,0.6,4,6
7991981929444774664,excluded,,,2
7992099817197638769,normal_other,0.55,2,1
7992843040462873166,excluded,0.82,2,1
799511949408239093,eczema_dermatitis,0.51,1,2
7997336758556521282,normal_other,0.66,2,4
7998899678933105152,excluded,1.0,,2
7999126737267845902,eczema_dermatitis,0.55,2,2
8001563865645797959,excluded,,,1
8002449745163938149,excluded,,,5
800535665983259731,excluded,,2,1
8007223356289252841,excluded,,,2
8010741868956993218,excluded,,4,1
8011416491300066998,excluded,0.5,4,3
8011488534754691744,acne,0.55,3,3
8011623754421324446,eczema_dermatitis,1.0,3,3
8013060069192910653,eczema_dermatitis,1.0,2,2
8013080778259006096,excluded,,3,2
8020869597304099813,excluded,,4,2
8020891537658973646,eczema_dermatitis,0.78,5,4
8021394879303182286,excluded,0.78,3,3
8029566433979849954,excluded,,,2
8030451491615126764,excluded,0.41,3,3
8037566014716614102,redness_rosacea,1.0,2,3
8040879229476600711,excluded,1.0,5,7
8041619602634449159,eczema_dermatitis,1.0,,2
8042347174036829785,eczema_dermatitis,0.82,2,2
8043881180069547461,normal_other,0.47,2,1
8044743903952045480,normal_other,1.0,2,2
8050515733006147917,eczema_dermatitis,0.78,3,4
8051050055009653406,excluded,,3,2
8051408007892164031,acne,1.0,3,4
8054432318903874721,eczema_dermatitis,1.0,2,2
805559889384349785,excluded,0.66,4,3
8055771025691084393,eczema_dermatitis,1.0,3,3
8056795137446100187,excluded,,3,3
8058850286709929094,normal_other,1.0,3,3
8059052766878879393,excluded,,2,3
8060425478083760982,excluded,0.41,3,3
8061243186366141102,normal_other,0.62,,3
8062402510787432608,excluded,,2,2
8064499480146251711,excluded,,,6
8066959403662147836,excluded,0.79,2,3
8067582930685511187,normal_other,1.0,2,2
806772568129758879,eczema_dermatitis,1.0,3,2
8068041820800289233,excluded,,2,3
807122606870915960,excluded,0.55,5,5
8071773760767575918,eczema_dermatitis,0.55,2,4
8072397233148323694,excluded,,3,3
8072416612420928240,normal_other,0.66,1,2
8076759993877564302,excluded,,3,4
8078665794653560810,excluded,0.33,3,4
8083716419169064278,eczema_dermatitis,1.0,6,5
8084245752028931291,excluded,0.33,2,3
8090480290533230027,excluded,,,3
8097381513172060282,normal_other,0.78,2,2
8103792613065166793,excluded,0.5,3,3
8103892607718422085,excluded,0.5,4,3
8112259532965094414,eczema_dermatitis,1.0,2,2
8112286852583517886,eczema_dermatitis,1.0,1,3
811261008550941466,normal_other,0.67,,2
8116783593040892836,excluded,0.55,2,2
8118177910878609557,normal_other,0.67,1,4
8121385052783914937,eczema_dermatitis,1.0,4,3
8121408208937913379,eczema_dermatitis,0.82,2,2
8124107657899971439,eczema_dermatitis,1.0,4,3
8125253371784739080,excluded,,4,5
812617492338914964,excluded,,,5
8128164574096404797,normal_other,1.0,3,3
8134648445171304529,excluded,0.66,3,1
8136796216840452126,eczema_dermatitis,0.61,2,4
8137609951302071055,excluded,0.5,3,3
81389449422894414,excluded,,5,5
813985591513517003,excluded,0.66,3,2
8142922305296725414,excluded,0.82,3,4
816027040954342187,excluded,1.0,2,2
8161629358774120056,excluded,,3,4
8162049865310225481,excluded,,,1
817047050170665975,eczema_dermatitis,0.52,3,3
8171250579327107023,excluded,,,6
8172216046510123797,excluded,1.0,5,5
8175317509100625759,excluded,,,2
8180816002721912970,excluded,,3,3
8182366432507098658,normal_other,1.0,,4
8185817949093870006,eczema_dermatitis,0.87,3,4
818614089115218339,normal_other,0.66,2,2
8187090160093201589,eczema_dermatitis,1.0,2,2
8190167325801713856,excluded,1.0,,5
8190999976849585619,eczema_dermatitis,1.0,3,4
8199317997534897211,excluded,0.5,3,4
8200862423739231225,excluded,0.33,4,6
8204005839413007648,excluded,0.5,5,7
8210180022784206430,excluded,,3,2
8210391506669856090,excluded,,3,2
8212466622556687269,excluded,,1,3
8212578800490982975,excluded,,6,8
8227285862020184187,excluded,,3,2
8240887733001374881,excluded,0.82,3,2
8242900516684026470,excluded,1.0,4,5
8247963897596952626,eczema_dermatitis,0.67,2,2
8253083578617667887,excluded,0.99,2,4
825324164458438154,excluded,,,1
8253745265933414534,normal_other,0.82,2,3
8255790445154914873,normal_other,0.88,2,2
8258334956028551745,eczema_dermatitis,1.0,2,3
8260232556102858546,excluded,0.55,2,2
8261905725995338922,normal_other,0.66,2,2
8262555795614056137,eczema_dermatitis,1.0,5,7
8263093986139051407,excluded,,3,1
8270517458491782379,excluded,,,2
8270710689580692297,excluded,,3,4
8279730630362874325,eczema_dermatitis,0.88,2,2
8284808520630772239,excluded,,2,1
8289931672752298999,excluded,,,2
8290822761716679927,excluded,1.0,3,2
8296549785436989539,excluded,1.0,3,2
8300936379710203134,excluded,1.0,5,7
8301101971574944385,excluded,1.0,4,4
830115795471454169,excluded,,2,1
8302232245249626891,excluded,0.5,3,2
8305657580225578880,excluded,,3,2
8311841844356422293,normal_other,0.59,,5
8314726062147629598,excluded,,2,1
8315998773507235462,excluded,,,1
8325228546832495578,excluded,,3,4
8331677379882174486,redness_rosacea,0.67,1,3
8334000853689515147,eczema_dermatitis,1.0,2,2
833670545830613221,normal_other,1.0,3,3
8337737155978620695,excluded,0.33,3,1
8343108576355535126,excluded,,,2
8343712868619008858,eczema_dermatitis,1.0,6,7
8345569212824249387,excluded,0.73,2,1
8345591920766813201,normal_other,0.54,2,1
8350296337011392029,excluded,,4,4
8353361916006195791,eczema_dermatitis,0.81,1,2
8354243147634925138,normal_other,1.0,3,2
8354973595441198284,excluded,,,5
8366685296281366557,eczema_dermatitis,0.53,2,1
8370988571035598148,acne,1.0,5,6
8376081099122980433,excluded,1.0,2,4
8377741325903922822,excluded,,3,2
8379699954361855633,normal_other,0.67,3,6
8390535857038477280,excluded,,2,3
8393160382345884580,excluded,0.82,2,3
8397404777462654458,eczema_dermatitis,1.0,4,1
8397937485203715391,excluded,,,2
8404646019363232153,normal_other,1.0,3,3
8404718209035724562,normal_other,0.5,4,2
8409513976707788794,excluded,0.99,3,2
8410079725892876702,eczema_dermatitis,1.0,3,3
8412294581104220612,excluded,0.41,2,1
8418262465064552927,redness_rosacea,1.0,1,2
8424488974574883789,redness_rosacea,0.55,4,4
8425990143655823139,normal_other,0.55,4,5
8428827710700387062,excluded,,2,2
8435198682736521622,normal_other,1.0,4,3
8437956514605562483,excluded,,4,3
8448124402511197874,eczema_dermatitis,1.0,,4
8453488719803895603,excluded,,2,1
8454831522989234089,excluded,,3,2
8456203113692217308,normal_other,1.0,3,1
8456900441247810900,eczema_dermatitis,0.82,3,4
8459067086276982316,eczema_dermatitis,0.42,2,2
8460240121716144698,excluded,,3,4
8468200857966741224,excluded,0.67,1,2
8469391238129963163,excluded,,5,5
8471914181416373823,excluded,1.0,1,2
8479149565436834873,eczema_dermatitis,1.0,3,3
8482350796145844209,excluded,,,4
8485810545249685247,excluded,0.33,5,6
84859150517713587,excluded,,3,2
8486538502460012717,excluded,,5,7
8486753479245175785,excluded,1.0,3,2
8488522034665113511,excluded,1.0,2,4
8490660158101634703,excluded,,,7
849421289568872090,eczema_dermatitis,0.99,1,1
8496458793428452573,acne,1.0,4,4
8511342801724747499,excluded,,3,3
851315208323250061,excluded,1.0,3,1
8514226637880851044,eczema_dermatitis,0.67,5,8
8515344946680844818,excluded,0.43,2,2
8516158991056796103,normal_other,1.0,3,4
8517515112307434630,excluded,0.5,3,2
8526851448906485320,excluded,,2,3
852862869023374192,excluded,1.0,3,4
8534614443021283236,eczema_dermatitis,1.0,3,2
8541067645190369594,excluded,,,
8541959494544371981,excluded,,2,2
8542477226677637987,eczema_dermatitis,0.82,2,1
8548007208739733241,excluded,0.57,3,2
8553641161521105123,excluded,,,2
8555327812578960588,excluded,,4,5
8558015319077564156,normal_other,0.51,2,3
855845029949307166,excluded,,,2
8560361655526093467,excluded,0.66,5,6
8565577864775736896,excluded,0.55,3,5
8573385645834705493,acne,1.0,2,3
8575692896316024881,eczema_dermatitis,0.55,2,3
8579033044441938004,excluded,1.0,2,1
8581055912873173590,excluded,0.67,3,2
8587124681363373372,eczema_dermatitis,0.55,3,2
8598795546166978679,eczema_dermatitis,1.0,1,2
860087713358687580,eczema_dermatitis,0.67,3,2
8601439174617804297,excluded,1.0,2,2
8603926466638692081,excluded,,5,5
8609785545976700666,excluded,,4,4
8610378261454617847,normal_other,1.0,6,7
8611402840751124787,excluded,0.55,3,3
8611669878035004230,excluded,,4,2
8611688123905317489,excluded,,,1
8614178873865901602,excluded,,5,3
8625894111713981793,excluded,,4,3
8638908784248385536,excluded,1.0,3,2
8642824375064514322,excluded,,3,3
8644997413483835653,eczema_dermatitis,1.0,2,1
8645431144010892304,excluded,,2,2
864969376606488572,normal_other,0.82,2,3
8654329466547817737,excluded,0.39,4,5
865490754577119373,excluded,0.82,1,2
8657197209682938293,eczema_dermatitis,0.88,3,3
8657244537639924785,acne,1.0,3,3
8657346419678972291,excluded,,5,7
8661840158842335589,eczema_dermatitis,1.0,3,5
8662153452056460124,excluded,1.0,5,4
8669102532712756590,excluded,,1,1
8674009080665651223,excluded,,,2
867712136283809616,normal_other,0.66,2,3
868238619804715091,excluded,,3,5
8682976543393193041,excluded,,2,2
868379715655855009,excluded,1.0,3,4
8686305006370260831,excluded,0.59,1,3
868711849758505110,eczema_dermatitis,0.82,1,2
868807442562617827,eczema_dermatitis,1.0,3,2
8703075882165822765,excluded,0.33,2,2
8711370251641982099,excluded,,5,5
8717259874105437527,eczema_dermatitis,1.0,2,2
8717740982554888430,excluded,0.5,5,5
8718834558652706682,eczema_dermatitis,0.55,2,1
8725392052071370350,eczema_dermatitis,1.0,3,3
8725423739996957959,eczema_dermatitis,0.82,2,2
8730804164258534802,excluded,0.55,3,5
8731979303690334416,excluded,,3,3
8732747911428537693,excluded,,3,3
8733225459543319051,eczema_dermatitis,1.0,4,2
8734397383313355929,excluded,,3,3
8735630643574927462,excluded,0.84,3,2
8738510955869842115,excluded,,,3
8740581153909766993,excluded,,,4
8742876008128325626,eczema_dermatitis,1.0,2,2
8742983234551726539,excluded,0.66,5,6
8747839845022009811,excluded,1.0,4,6
8749045513899325702,excluded,,4,2
8751100562164689123,normal_other,0.55,,3
8754620610807755838,eczema_dermatitis,0.72,2,2
875750817957209142,excluded,,5,7
876002484450702306,excluded,,,3
8763223239443174400,excluded,1.0,3,2
8768147614562809909,excluded,1.0,,2
8772419845553308049,eczema_dermatitis,0.78,2,3
8772910329569405895,excluded,,4,4
8773806236538349731,excluded,0.5,5,4
8774967596726796026,excluded,,,6
8775411211449387409,excluded,,4,2
8775541043281471206,eczema_dermatitis,0.81,3,3
8779141913300417134,excluded,,2,3
8782672317230447778,excluded,,3,3
8783366908511068441,excluded,,4,1
8783493708182039906,excluded,,3,2
8784999602980526264,excluded,,,2
8787441570285298487,eczema_dermatitis,1.0,3,3
8791668255122016953,eczema_dermatitis,0.67,3,3
8792831926241767351,normal_other,0.67,3,3
8793451355462139366,excluded,,2,3
8794793853241135694,excluded,0.99,3,3
8795075629865909797,excluded,0.85,3,4
8798291220737138704,eczema_dermatitis,1.0,1,1
8798670183321884538,acne,0.83,3,5
8801289256949871600,excluded,,3,2
8804770671385544837,eczema_dermatitis,0.82,3,2
8809083778802647741,excluded,,4,4
8810873813724981221,excluded,,3,4
8811839887543762004,excluded,,3,3
8814239314811133615,excluded,,3,2
8815163190394082239,excluded,1.0,3,2
8823433622205280069,excluded,,2,1
8842268251008466942,excluded,,4,3
8853180463163844569,excluded,,,2
8855689238294428743,excluded,,2,1
8857428277161028454,acne,0.89,3,1
8857562184086778759,excluded,,2,2
8858580079281238438,eczema_dermatitis,0.55,3,3
8863120976574832879,excluded,,,4
8863982919517529957,excluded,1.0,4,6
887121572265742284,excluded,,4,3
8875069263151459186,eczema_dermatitis,1.0,5,6
8876568324686727458,eczema_dermatitis,0.99,3,3
8876832037623537497,excluded,,2,4
8876878857268678510,normal_other,0.67,1,3
8879508306621168977,eczema_dermatitis,0.69,2,2
8880285596507415327,excluded,0.82,2,3
8880777753952826771,normal_other,1.0,4,4
8880799778028401837,eczema_dermatitis,0.66,3,5
8882028009541975226,excluded,,4,4
8882862791433721722,excluded,0.41,2,1
8884082107026614373,excluded,0.73,2,2
8886144114619169253,normal_other,0.66,3,3
8886524763396752520,eczema_dermatitis,1.0,2,3
8887454391702181267,eczema_dermatitis,1.0,2,2
8890657630050956591,excluded,0.66,3,1
88929180334819536,excluded,1.0,2,2
8894909860391065274,excluded,,5,6
8901252064165704036,excluded,0.66,4,5
890140358870966492,eczema_dermatitis,1.0,2,2
89060097986595179,excluded,,5,5
891683595089224671,normal_other,0.73,2,2
8918959482495666819,excluded,0.78,5,7
8921106678900434918,normal_other,1.0,2,3
892392881379564588,excluded,0.5,3,5
8930190059033671511,normal_other,0.58,2,2
8931407120322983957,excluded,,,6
893215978416233461,excluded,1.0,2,3
8932306139613958614,excluded,,3,2
8934048152803936311,excluded,,5,6
8936435227237247498,excluded,0.78,5,5
8941724831820638000,normal_other,0.55,3,5
8942580082115806306,excluded,,,1
8944140751371190280,excluded,,3,4
8950060607485828180,normal_other,0.55,2,4
8950716050989485559,excluded,1.0,3,3
8954420160516502648,excluded,,3,1
8954866881919148688,excluded,,3,3
8960948792202910213,excluded,,1,3
8961331587900403473,excluded,0.66,2,1
8963932600544524791,excluded,,2,1
89706881018208006,excluded,0.58,3,3
8979958088066966765,excluded,,3,2
8982554228980998818,excluded,0.82,2,2
8983095038435956093,excluded,0.83,2,2
8994351978240034632,excluded,1.0,3,3
8996459521035623846,eczema_dermatitis,0.78,,2
8998793989027355456,excluded,,2,3
9008681283053360434,excluded,1.0,3,3
901044982929616236,excluded,0.99,3,3
901886882329283508,excluded,,3,1
9019249080445767492,eczema_dermatitis,1.0,1,2
902212744597119124,excluded,0.48,2,2
9028506565042482784,excluded,1.0,6,8
9032393467447326209,eczema_dermatitis,1.0,1,2
9033109747957812158,excluded,0.5,5,4
9033705805873599001,eczema_dermatitis,1.0,3,2
9033985317234502329,excluded,0.33,3,3
9035305914763128686,excluded,,,2
903779956878261125,normal_other,0.55,2,2
9039767909166150510,eczema_dermatitis,0.82,1,2
9047654489067734884,eczema_dermatitis,0.67,2,2
9055010458301656007,eczema_dermatitis,1.0,4,5
9056828514990373756,excluded,0.99,3,2
9065470435921179343,excluded,,3,1
9074960896260853942,excluded,,2,3
9076222836036925266,eczema_dermatitis,0.55,3,3
9077203732153212590,excluded,1.0,2,2
9079077127826406933,eczema_dermatitis,1.0,3,2
9085800734255575784,excluded,0.5,2,2
9089659782248781885,excluded,,3,2
909317844073488037,redness_rosacea,0.55,,2
9093183143487490891,excluded,,3,2
9093968729047273447,normal_other,0.55,2,2
9094416934450217084,excluded,1.0,2,2
9096517364733500072,eczema_dermatitis,1.0,5,2
9097048639908724577,normal_other,0.67,2,4
9099364489634021883,normal_other,0.82,3,3
9100469124329671676,eczema_dermatitis,0.78,2,2
9101811860955658811,excluded,0.4,2,2
9102222709706846440,eczema_dermatitis,0.73,,3
9105346707210308949,eczema_dermatitis,1.0,2,3
9105485573353145036,excluded,,,2
9109244299503232270,excluded,,3,4
9114324332147869982,eczema_dermatitis,1.0,,3
9114737540227929305,eczema_dermatitis,1.0,2,6
9118557604482350214,excluded,,,2
912700613781949239,normal_other,0.55,3,3
9130094661402000696,excluded,0.59,2,3
9136162765190738207,excluded,,3,7
913656830541230742,excluded,,,3
9138173567729098672,eczema_dermatitis,1.0,5,7
9149077865725302027,eczema_dermatitis,0.55,2,1
9149625526357060704,excluded,0.66,2,1
9154597863499272620,eczema_dermatitis,0.67,2,3
9155263426852513555,excluded,,,5
9173440767672414592,excluded,,,4
9176882468663374673,excluded,,,2
9177752009319066164,excluded,,,1
9186718462109702709,excluded,,2,2
9198322524708760963,excluded,,,3
9198500737462176368,eczema_dermatitis,1.0,3,2
9202204272208156818,excluded,,2,3
920332081415138775,normal_other,0.6,2,2
9204674379234810196,normal_other,0.67,,4
9207498224486005028,excluded,,2,2
920875141841497210,excluded,,3,1
9210062012872504495,eczema_dermatitis,1.0,4,5
9211247027765778122,excluded,,2,3
9212720578959463880,excluded,0.55,2,2
9219642783853174519,excluded,,5,7
9222736768901635287,eczema_dermatitis,1.0,2,3
928901925793138825,excluded,,4,3
930124461134778983,eczema_dermatitis,1.0,3,5
933206249938434607,excluded,,2,2
935346003160692168,normal_other,1.0,3,5
941421903708181943,excluded,,2,3
943125820577516833,excluded,,2,2
95226461955873076,eczema_dermatitis,0.84,2,2
953667114257627038,excluded,,3,2
954707330462098233,excluded,,,2
963255640946853770,excluded,0.66,3,4
963694477603925530,normal_other,0.78,2,2
964881286184961934,excluded,,2,3
966663640331506400,excluded,0.66,2,4
973759811984683137,eczema_dermatitis,1.0,2,4
973872028150293734,excluded,,,1
983265958160210646,excluded,1.0,5,5
995820220956352730,excluded,0.66,4,2
998890198757718998,acne,1.0,,2
